Date,AAPL,MSFT,NVDA,JPM,XOM,SPY
2022-01-03,177.7863922119,321.8564453125,29.9925823212,143.5449066162,54.0411300659,448.3730773926
2022-01-04,175.5299987793,316.3375854492,29.1651268005,148.9866485596,56.0738372803,448.2229003906
2022-01-05,170.8609161377,304.1940917969,27.4863166809,146.2628631592,56.7712631226,439.6160278320
2022-01-06,168.0086822510,301.7904052734,28.0578651428,147.8167724609,58.1065483093,439.2030639648
2022-01-07,168.1747436523,301.9442138672,27.1308364868,149.2813415527,58.5828323364,437.4667053223
2022-01-10,168.1942596436,302.1652526855,27.2831802368,149.4242553711,58.2341232300,436.9223022461
2022-01-11,171.0172119141,302.8480224609,27.6984024048,149.5760803223,60.6835899353,440.9019165039
2022-01-12,171.4567565918,306.0111999512,27.8796348572,150.4244689941,60.5049858093,442.0938110352
2022-01-13,168.1942596436,293.0599975586,26.4617023468,150.2369232178,60.0712165833,436.0024719238
2022-01-14,169.0538635254,298.2521057129,26.8271331787,141.0028686523,61.1258506775,436.1807861328
2022-01-18,165.8597412109,290.9928588867,25.7925701141,135.0908966064,62.1549797058,428.4561462402
2022-01-19,162.3725738525,291.6466674805,24.9601287842,133.0011749268,62.1804847717,424.0072937012
2022-01-20,160.6924743652,289.9833374023,24.0470390320,131.8669891357,62.3165321350,419.3143920898
2022-01-21,158.6412200928,284.6278381348,23.2743511200,129.5629577637,61.3810005188,411.0829162598
2022-01-24,157.8695526123,284.9547424316,23.2723541260,129.4468536377,61.9083290100,412.8287658691
2022-01-25,156.0722656250,277.3782348633,22.2288227081,130.8578948975,63.7284049988,407.7884826660
2022-01-26,155.9843292236,285.2816467285,22.6749153137,132.0991821289,63.0820083618,406.7655029297
2022-01-27,155.5252227783,288.2911682129,21.8504467010,129.7683258057,63.8899803162,404.7568969727
2022-01-28,166.3774414062,296.3867187500,22.7426242828,130.9292907715,64.0260543823,414.8091125488
2022-01-31,170.7241821289,299.0020141602,24.3816051483,132.7064971924,64.6044158936,422.2803344727
2022-02-01,170.5581207275,296.8675537109,24.5329589844,134.9837036133,68.7463912964,425.1336059570
2022-02-02,171.7595367432,301.3864746094,25.1343860626,133.9031372070,68.5677719116,429.2633972168
2022-02-03,168.8877868652,289.6467895508,23.8458976746,132.7957611084,67.7682952881,419.1735534668
2022-02-04,168.6041564941,294.1561279297,24.2153205872,136.2429351807,69.2396697998,421.1446228027
2022-02-07,167.8901824951,289.3583679199,24.6225757599,136.6983795166,70.0731582642,419.7930297852
2022-02-08,170.9906005859,292.8292541504,25.0009574890,139.2703247070,68.2615890503,423.2470703125
2022-02-09,172.4087219238,299.2231750488,26.5911464691,139.8508148193,67.9348068237,429.4417114258
2022-02-10,168.3401031494,290.7333068848,25.7139015198,139.2703247070,67.2812805176,421.7265014648
2022-02-11,164.9365234375,283.6759643555,23.8468933105,137.4574584961,68.9753417969,413.4106140137
2022-02-14,165.1712493896,283.6375732422,24.1635417938,136.1804351807,67.9176177979,412.0590820312
2022-02-15,168.9953765869,288.8967590332,26.3820381165,138.1719055176,67.0662841797,418.7042846680
2022-02-16,168.7606658936,288.5595703125,26.3979740143,138.4219360352,67.3758544922,419.1735534668
2022-02-17,165.1712493896,280.1099548340,24.4025154114,135.2337646484,67.2726745605,410.2193603516
2022-02-18,163.6259613037,277.4122619629,23.5412063599,135.8678436279,66.5245361328,407.5632629395
2022-02-22,160.7114410400,277.2099304199,23.2902793884,135.6267242432,65.7505798340,403.1894226074
2022-02-23,156.5547637939,270.0319824219,22.2915554047,132.7868347168,66.0171661377,396.0374145508
2022-02-24,159.1661071777,283.8290100098,23.6467552185,129.0896453857,65.1830215454,401.9973754883
2022-02-25,161.2297515869,286.4496154785,24.0540103912,132.1438446045,66.9373016357,410.8671264648
2022-02-28,161.4938201904,287.8756103516,24.2810363770,126.6337661743,67.4360733032,409.8158569336
2022-03-01,159.6159667969,284.1758422852,23.3769073486,121.8559570312,68.0810165405,403.5742492676
2022-03-02,162.9021911621,289.2244262695,24.1208515167,124.3832778931,69.2505111694,410.9984436035
2022-03-03,162.5794525146,285.1104125977,23.6169242859,123.4991836548,69.6890792847,408.9523620605
2022-03-04,159.5866394043,279.2717895508,22.8421077728,120.0252304077,72.3118972778,405.6296997070
2022-03-07,155.8016052246,268.7217712402,21.2645912170,115.3903274536,74.9174880981,393.6721191406
2022-03-08,153.9824829102,265.7735900879,21.4259319305,114.5776748657,75.4850311279,390.6874084473
2022-03-09,159.3714752197,277.9614562988,22.9197845459,119.1679000854,71.1939773560,401.1620788574
2022-03-10,155.0387573242,275.1577148438,22.5652427673,117.7568893433,73.4040069580,399.3506164551
2022-03-11,151.3320159912,269.8393859863,22.0095272064,115.1045379639,73.0256118774,394.2727966309
2022-03-14,147.3122558594,266.3420410156,21.2426815033,116.2476348877,70.4114303589,391.3913269043
2022-03-15,151.6840820312,276.6607971191,22.8789558411,118.3105621338,66.4041366577,399.9981994629
2022-03-16,156.0852813721,283.6362915039,24.3957214355,123.5973892212,66.1547470093,408.8678894043
2022-03-17,157.0926361084,284.4359436035,24.6646156311,125.1601791382,67.9176177979,413.9831848145
2022-03-18,160.3788452148,289.4556274414,26.3447093964,125.1156005859,67.6510391235,418.5174865723
2022-03-21,161.7481231689,288.2320251465,26.6245574951,124.7137145996,70.6866149902,418.3951110840
2022-03-22,165.1125640869,292.9530639648,26.4154167175,127.3660583496,70.3770370483,423.2908630371
2022-03-23,166.4720458984,288.5499877930,25.5290603638,124.8298034668,71.4863357544,417.8396301270
2022-03-24,170.2472839355,292.9916076660,28.0347595215,125.6424789429,71.7013244629,424.1382141113
2022-03-25,170.8830108643,292.5869445801,27.5786380768,126.7409210205,73.2664031982,426.2095947266
2022-03-28,171.7436981201,299.3505249023,28.1034812927,125.8032379150,71.2111663818,429.2411804199
2022-03-29,175.0298767090,303.8884277344,28.5386905670,126.0800552368,70.8328018188,434.5512695312
2022-03-30,173.8659973145,302.3949890137,27.5766487122,125.5085220337,72.0453033447,431.8680419922
2022-03-31,170.7754364014,297.0478820801,27.1743011475,121.7398681641,71.0219802856,425.2209777832
2022-04-01,170.4820098877,298.1172790527,26.6026515961,120.8378906250,71.4777603149,426.4261169434
2022-04-04,174.5213317871,303.4645080566,27.2479953766,121.3737335205,71.5121612549,430.0791320801
2022-04-05,171.2155456543,299.5239257812,25.8248443604,119.9612503052,71.1423721313,424.6466369629
2022-04-06,168.0564727783,288.5595703125,24.3070850372,118.2968673706,71.9335098267,420.4004211426
2022-04-07,168.3596801758,290.3613586426,24.1089000702,117.9369888306,73.1374359131,422.5188293457
2022-04-08,166.3546905518,286.1220397949,23.0243530273,120.0962066650,74.6767044067,421.3890686035
2022-04-11,162.1100158691,274.8398132324,21.8272762299,119.6553497314,72.1055145264,414.1865234375
2022-04-12,163.9780120850,271.7567138672,21.4159679413,118.3418426514,73.6103820801,412.6518859863
2022-04-13,166.6578826904,277.1135253906,22.1121082306,114.5272827148,74.6509094238,417.3782348633
2022-04-14,161.6600952148,269.6081237793,21.1709766388,113.4656753540,75.5280532837,412.1811523438
2022-04-18,161.4449310303,270.2729492188,21.6938247681,115.5708999634,76.1471786499,412.3505859375
2022-04-19,163.7237243652,274.8783569336,22.1071243286,117.9639968872,75.4678421021,419.0070495605
2022-04-20,163.5574951172,275.8996276855,21.3940582275,118.3778457642,75.6398315430,418.6963806152
2022-04-21,162.7652435303,270.5522766113,20.1003799438,117.4602050781,74.8400802612,412.4353332520
2022-04-22,158.2369689941,264.0200500488,19.4351100922,114.0864410400,73.2061920166,401.1184387207
2022-04-25,159.3030395508,270.4657287598,19.8205242157,114.0504684448,70.7382125854,403.4439392090
2022-04-26,153.3565521240,260.3491821289,18.7110881805,110.6767196655,70.7640075684,391.7598876953
2022-04-27,153.1315765381,272.8742980957,18.3396205902,109.2372436523,72.7848434448,392.8614196777
2022-04-28,160.0463256836,279.0501403809,19.7010154724,110.9645996094,74.9862823486,402.7849121094
2022-04-29,154.1878662109,267.3825683594,18.4710712433,107.3839492798,73.3094100952,387.8996887207
2022-05-02,154.4910583496,274.0786437988,19.4530391693,108.3645706177,74.3069381714,390.2347106934
2022-05-03,155.9776763916,271.4868774414,19.5217533112,110.6857070923,75.8376159668,392.0235290527
2022-05-04,162.3740692139,279.3874511719,20.2507553101,114.3473205566,78.8559875488,403.9617919922
2022-05-05,153.3271942139,267.2187805176,18.7668552399,111.4864120483,77.6606826782,389.6039123535
2022-05-06,154.0520172119,264.6944885254,18.5985488892,111.3064727783,78.8473968506,387.2783813477
2022-05-09,148.9391326904,254.9151458740,16.8806133270,109.6331024170,72.6300582886,374.8787841797
2022-05-10,151.3388214111,259.6554565430,17.5229701996,106.9610977173,73.1116180420,375.7448730469
2022-05-11,143.4932861328,251.0323944092,16.5619201660,106.2863388062,74.6337051392,369.7757873535
2022-05-12,139.6341247559,246.0223999023,16.1087818146,106.1963882446,74.9725265503,369.3897705078
2022-05-13,144.0907135010,251.5816192627,17.6335163116,107.1410140991,77.1965026855,378.2210388184
2022-05-16,142.5529479980,251.9476776123,17.1933269501,106.3943176270,79.0121688843,376.6864013672
2022-05-17,146.1770019531,257.0733947754,18.1025886536,109.9209976196,80.0199127197,384.4349975586
2022-05-18,137.9297943115,245.3689270020,16.8686599731,108.0406951904,78.7515335083,368.9378356934
2022-05-19,134.5310668945,244.4611206055,17.0539016724,106.4392929077,79.1772308350,366.6782531738
2022-05-20,134.7660980225,243.9010467529,16.6256580353,105.5666198730,79.8027191162,366.8382873535
2022-05-23,140.1728210449,251.7136383057,16.8288211823,112.0981979370,81.5662689209,373.7019348145
2022-05-24,137.4792633057,250.7189941406,16.0878658295,113.6815872192,82.0093231201,370.8491821289
2022-05-25,137.6359710693,253.5195770264,16.9055080414,114.4732894897,83.6599578857,374.1255493164
2022-05-26,140.8290863037,256.7836914062,17.7779216766,116.4525604248,83.9553070068,381.6010437012
2022-05-27,146.5687866211,263.8720092773,18.7339916229,118.0989608765,84.7806167603,390.9690551758
2022-05-31,145.7852172852,262.5490112305,18.5955638885,118.9626159668,83.3993225098,388.7753601074
2022-06-01,145.6579284668,263.0801391602,18.2450008392,116.8753967285,84.9977951050,385.6307373047
2022-06-02,148.1065673828,265.1661071777,19.5117931366,118.7556991577,84.8501129150,392.9744567871
2022-06-03,142.3962554932,260.7624206543,18.6433639526,117.1003265381,86.0837249756,386.5251464844
2022-06-06,143.1406250000,259.5359497070,18.7090950012,116.7134552002,85.8665695190,387.7019653320
2022-06-07,145.6579284668,263.1573791504,18.8485202789,117.0193481445,89.8019638062,391.4209289551
2022-06-08,144.9232940674,261.1390686035,18.5755863190,115.1570434570,90.8618164062,387.1653137207
2022-06-09,139.7124633789,255.7117767334,17.9779205322,112.7369384766,88.8984527588,377.9574890137
2022-06-10,134.3155670166,244.3162994385,16.9080848694,107.5548782349,87.2739181519,366.9982910156
2022-06-13,129.1733245850,233.9541473389,15.5862388611,104.3520736694,83.2690048218,353.0640258789
2022-06-14,130.0352783203,236.1076812744,15.7745065689,102.6157226562,83.4861907959,352.0000915527
2022-06-15,132.6504669189,243.1284637451,16.4628238678,103.8302612305,82.4350051880,357.0183410645
2022-06-16,127.3906478882,236.5712585449,15.5404186249,102.0489349365,79.3944320679,345.2024841309
2022-06-17,128.8598785400,239.1593475342,15.8183355331,101.6890563965,74.8161468506,345.9466857910
2022-06-21,133.0814056396,245.0405883789,16.5016689301,104.2081375122,79.4726028442,354.6554260254
2022-06-22,132.5720977783,244.4514923096,16.2964706421,103.6233444214,76.3277587891,354.0123901367
2022-06-23,135.4321594238,249.9850006104,16.1619949341,102.4897537231,74.0255813599,357.4826660156
2022-06-24,138.7525939941,258.5219116211,17.0594978333,105.5486221313,75.4937667847,368.8484802246
2022-06-27,138.7525939941,255.8083343506,16.8034915924,104.7029418945,77.3442001343,367.4395141602
2022-06-28,134.6192016602,247.6866760254,15.9199380875,104.1991271973,79.4899978638,359.9317321777
2022-06-29,136.3724670410,251.3370513916,15.4816465378,103.7313156128,76.5536270142,359.6385803223
2022-06-30,133.9139556885,248.0246429443,15.1001367569,101.3111953735,74.3991470337,356.7167968750
2022-07-01,136.0786132812,250.6803436279,14.4666042328,102.6067276001,76.0584564209,360.4896545410
2022-07-05,138.6546630859,253.8382110596,14.9058914185,102.2164459229,73.6780929565,361.1703796387
2022-07-06,139.9867095947,257.0830688477,15.0712471008,101.5538787842,72.3489227295,362.3901977539
2022-07-07,143.3463439941,259.1979675293,15.7964191437,104.1224594116,74.6597671509,367.8178100586
2022-07-08,144.0221710205,258.4833374023,15.7764968872,103.7957229614,74.7813949585,367.5151977539
2022-07-11,141.8967285156,255.4413452148,15.0931615829,102.4342880249,74.3991470337,363.3168640137
2022-07-12,142.8663787842,244.9729614258,15.0234336853,102.5341186523,73.4087905884,360.1019287109
2022-07-13,142.5039672852,244.0555419922,15.1051139832,101.5720367432,73.7041473389,358.2107238770
2022-07-14,145.4228057861,245.3689270020,15.3123064041,98.0232315063,72.2272949219,357.3408508301
2022-07-15,147.0879364014,247.9184417725,15.7007942200,102.5159530640,73.4435272217,364.1679077148
2022-07-18,144.0515594482,245.5330810547,16.0384769440,101.4631118774,74.7987594604,361.1609497070
2022-07-19,147.9008941650,250.6320037842,16.9260196686,103.9772262573,76.6839370728,370.9191589355
2022-07-20,149.8990478516,253.2781372070,17.7378540039,103.9590911865,77.5266189575,373.2831420898
2022-07-21,152.1616058350,255.7600250244,17.9799079895,104.6670150757,76.2321929932,377.0843811035
2022-07-22,150.9274749756,251.4335937500,17.2517471313,104.1587524414,75.6501388550,373.5857849121
2022-07-25,149.8108520508,249.9560394287,16.9578990936,104.5762710571,78.1694793701,374.0396728516
2022-07-26,148.4885559082,243.2636718750,16.4687976837,102.9425354004,77.8654098511,369.6142883301
2022-07-27,153.5720825195,259.5262756348,17.7209186554,104.5944137573,79.5507888794,379.2118835449
2022-07-28,154.1205749512,266.9333801270,17.9141616821,104.2041397095,80.4803466797,383.9681701660
2022-07-29,159.1746826172,271.1148986816,18.0924682617,104.7033462524,84.2072677612,389.5658569336
2022-08-01,158.1951751709,268.4785461426,18.3693923950,103.6595611572,82.0788192749,388.4123535156
2022-08-02,156.7259521484,265.3978271484,18.4540596008,102.0440139771,81.7226486206,385.8498535156
2022-08-03,162.7203826904,272.7855834961,18.8196315765,103.1149978638,79.0729827881,391.8920593262
2022-08-04,162.4069519043,273.9251098633,19.1403827667,101.9804687500,75.7456893921,391.6272583008
2022-08-05,162.1813812256,273.2104492188,18.9152603149,105.0663833618,76.8403091431,390.9653320312
2022-08-08,161.7105255127,270.7092590332,17.7239036560,103.7866363525,77.2746810913,390.5114746094
2022-08-09,161.7595977783,272.6213989258,17.0196495056,104.7214889526,78.6994323730,388.9607849121
2022-08-10,165.9968109131,279.2462158203,18.0267257690,107.4534378052,79.4465408325,397.1304626465
2022-08-11,165.2611846924,277.1795959473,17.8723297119,109.0417633057,81.7447662354,397.1304626465
2022-08-12,168.8020172119,281.9019165039,18.6363487244,110.8479385376,82.4552917480,403.8535156250
2022-08-15,169.8710784912,283.4084472656,18.9580936432,111.1474456787,80.9816207886,405.5177307129
2022-08-16,169.7141723633,282.6745300293,18.8056926727,112.2093734741,80.2272262573,406.3120117188
2022-08-17,171.2050170898,281.9292907715,18.2637958527,111.2654495239,80.8763656616,403.4279174805
2022-08-18,170.8127136230,280.8164672852,18.7001018524,110.4031906128,82.7886123657,404.6005249023
2022-08-19,168.2331085205,276.9259643555,17.7796897888,107.6712341309,82.5254516602,399.1634521484
2022-08-22,164.3587646484,268.7967224121,16.9678535461,105.8922958374,82.4640655518,390.8518371582
2022-08-23,164.0252990723,267.5289916992,17.1142864227,104.8485412598,85.9640350342,389.9063415527
2022-08-24,164.3195800781,266.8999023438,17.1551265717,105.1026992798,86.4727859497,391.1545104980
2022-08-25,166.7716674805,269.8612365723,17.8434410095,107.5986404419,86.9201431274,396.6766357422
2022-08-26,160.4844970703,259.4480895996,16.1968593597,104.0770721436,85.8499908447,383.2494506836
2022-08-29,158.2874145508,256.6803894043,15.7396402359,103.8229370117,87.8236465454,380.7153320312
2022-08-30,155.8647613525,254.4931335449,15.4079341888,103.8411026001,84.4815673828,376.5359191895
2022-08-31,154.2071685791,253.0415649414,15.0353870392,103.2239074707,83.8499908447,373.6708068848
2022-09-01,154.9329528809,252.0060119629,13.8828802109,103.9318618774,82.3412475586,374.8434448242
2022-09-02,152.8241424561,247.8059387207,13.5940065384,103.2057571411,83.8499908447,370.8908081055
2022-09-06,151.5686950684,245.0865020752,13.4127140045,103.2329788208,83.2886123657,369.4914245605
2022-09-07,152.9712982178,249.7704925537,13.6648035049,105.1934432983,82.5780792236,376.1292724609
2022-09-08,151.5000305176,250.1865997314,13.9398174286,107.6440200806,83.2535247803,378.5878295898
2022-09-09,154.3542785645,255.9351348877,14.3353891373,108.1613616943,84.6482467651,384.4692687988
2022-09-12,160.2981262207,258.0545043945,14.4529676437,109.4411163330,85.6219177246,388.6014404297
2022-09-13,150.8918914795,243.8671569824,13.0838966370,105.6381759644,83.6219406128,371.7040710449
2022-09-14,152.3337402344,244.0896759033,13.0809068680,105.3931274414,85.6745376587,373.1224060059
2022-09-15,149.4500732422,237.4701843262,12.8826208115,106.9814529419,83.1833419800,368.8862304688
2022-09-16,147.8121032715,236.8508148193,13.1506567001,106.2644500732,81.7622985840,366.0720214844
2022-09-19,151.5196533203,236.6379089355,13.3339958191,107.2446823120,81.7535324097,368.9108886719
2022-09-20,153.8932800293,234.6346130371,13.1287364960,105.1299209595,81.0868835449,364.6763610840
2022-09-21,150.7742309570,231.2474822998,13.2134294510,102.0984497070,79.7798614502,358.3150329590
2022-09-22,149.8129882812,233.2120208740,12.5159416199,100.9366912842,79.4465484619,355.3052673340
2022-09-23,147.5472259521,230.2506408691,12.4711027145,99.0579299927,75.2185134888,349.3521118164
2022-09-26,147.8807678223,229.7957916260,12.1841354370,96.9250030518,73.6659240723,345.8961181641
2022-09-27,148.8517761230,228.7893371582,12.3684720993,96.0718383789,75.2097473145,345.0131225586
2022-09-28,146.9685516357,233.2991333008,12.6903152466,98.0141525269,77.9465560913,351.8017578125
2022-09-29,139.7496032715,229.8441772461,12.1761655807,96.3532104492,77.7886505127,344.4529418945
2022-09-30,135.5516510010,225.3924560547,12.0954542160,94.8465499878,76.5869216919,339.1264953613
2022-10-03,139.7201690674,232.9797515869,12.4671192169,97.7781829834,80.6307296753,348.0797729492
2022-10-04,143.3002166748,240.8573608398,13.1197671890,102.3525848389,83.5692901611,358.8656921387
2022-10-05,143.5944824219,241.1670379639,13.1616182327,101.0888748169,86.9464569092,358.0302429199
2022-10-06,142.6430511475,238.8347167969,13.0829019547,99.0284500122,89.5253677368,354.3368225098
2022-10-07,137.4054107666,226.6893005371,12.0326805115,97.0504531860,88.6218795776,344.4529418945
2022-10-10,137.7290802002,221.8600921631,11.6281375885,96.1438598633,86.7008666992,341.8229675293
2022-10-11,136.3166809082,218.1439208984,11.5444412231,93.3691558838,85.9640350342,339.6582336426
2022-10-12,135.6889648438,218.4729614258,11.4587488174,94.8801422119,86.3412170410,338.5378723145
2022-10-13,140.2498321533,226.6893005371,11.9170961380,100.1548156738,89.3587265015,347.4721984863
2022-10-14,135.7281799316,221.1923828125,11.1867284775,101.8214721680,87.0078811646,339.5538024902
2022-10-17,139.6809539795,229.8732299805,11.8453550339,106.0979766846,88.2622299194,348.2792358398
2022-10-18,140.9952697754,230.8119812012,11.9240722656,108.8268890381,88.4201278687,352.3714904785
2022-10-19,141.1031799316,228.8570861816,12.0077686310,106.6932144165,91.0429077148,349.8743591309
2022-10-20,140.6421813965,228.5377044678,12.1502580643,106.3452224731,91.1657257080,346.9405212402
2022-10-21,144.4477996826,234.3152465820,12.4212808609,111.9312667847,92.8586959839,355.3717346191
2022-10-24,146.5860443115,239.2799224854,12.5538053513,112.0686111450,93.5078048706,359.7201538086
2022-10-25,149.4206695557,242.5799865723,13.2134294510,112.3616638184,92.8762130737,365.4644165039
2022-10-26,146.4879455566,223.8634338379,12.8497390747,113.6528625488,93.9814682007,362.7109680176
2022-10-27,142.0251770020,219.4406890869,13.1287364960,114.1015930176,94.3411407471,360.7741394043
2022-10-28,152.7555389404,228.2667236328,13.7843761444,115.4568862915,97.1042556763,369.3571472168
2022-10-31,150.4014739990,224.6472930908,13.4485816956,115.2737121582,97.2007293701,366.6891784668
2022-11-01,147.7630615234,220.8149566650,13.4944200516,117.3524475098,98.1656646729,365.0845642090
2022-11-02,142.2507476807,213.0050811768,13.1715803146,116.2718963623,96.1481170654,355.9223632812
2022-11-03,136.2186279297,207.3436431885,13.3728580475,116.4824981689,97.4551162720,352.2574157715
2022-11-04,135.9533386230,214.2534942627,14.1052188873,119.6692581177,98.5165252686,357.3276062012
2022-11-07,136.4838409424,220.5246276855,14.2496986389,120.3011550903,99.6831665039,360.7456359863
2022-11-08,137.0536651611,221.4924011230,14.5496215820,120.3744125366,99.9989547729,362.6920166016
2022-11-09,132.5048675537,217.2729339600,13.7265844345,118.8085098267,95.5253372192,355.2197570801
2022-11-10,144.2944335938,235.1475372314,15.6935024261,123.6985778809,96.9288253784,374.7405700684
2022-11-11,147.0748443604,239.1444091797,16.2684345245,123.9000091553,99.9550857544,378.3674621582
2022-11-14,145.6797332764,233.7636566162,16.2365474701,122.6271362305,100.2469100952,375.1488342285
2022-11-15,147.4088592529,234.1700744629,16.6062164307,121.7388610840,100.9189224243,378.3484802246
2022-11-16,146.1807861328,234.5971069336,15.8529281616,121.9037017822,99.8401489258,375.4621276855
2022-11-17,148.0769348145,234.5485839844,15.6207637787,121.3725585938,99.9727859497,374.3133544922
2022-11-18,148.6369323730,234.1021881104,15.3537244797,122.5630264282,99.1062393188,376.0129089355
2022-11-21,145.4144897461,234.9076538086,15.2620544434,121.8396148682,98.1247253418,374.6456604004
2022-11-22,147.5463867188,237.7997283936,15.9804687500,123.6619186401,100.9631271362,379.6872253418
2022-11-23,148.4207916260,240.2744598389,16.4597434998,124.9805831909,100.4591064453,382.0799560547
2022-11-25,145.5127258301,240.1871643066,16.2116355896,125.2187042236,100.1054153442,381.9944458008
2022-11-28,141.6909332275,234.6262054443,15.7702255249,123.0300750732,97.0989837646,375.8989562988
2022-11-29,138.6943969727,233.2384185791,15.5828962326,125.0538635254,97.7444763184,375.2533874512
2022-11-30,145.4341125488,247.6114196777,16.8666076660,126.5373611450,98.4518890381,387.0739746094
2022-12-01,145.7092132568,247.1746826172,17.0778999329,124.7608261108,97.9744033813,386.7891235352
2022-12-02,145.2179565430,247.4949493408,16.8197650909,123.7718048096,97.1431961060,386.3429565430
2022-12-05,144.0586853027,242.8171997070,16.5546493530,120.3011550903,94.4816207886,379.3928527832
2022-12-06,140.4039154053,237.8870697021,15.9337272644,120.5026321411,91.8554000854,373.9240112305
2022-12-07,138.4684295654,237.1591949463,16.0662860870,120.4201965332,91.6520462036,373.2879028320
2022-12-08,140.1484375000,240.0998077393,17.1117877960,121.6839523315,92.3329010010,376.2122192383
2022-12-09,139.6670379639,238.1782379150,16.9443473816,121.0245971680,91.5547485352,373.4018249512
2022-12-12,141.9562072754,245.0590209961,17.4765663147,122.9018707275,93.8095779419,378.7852478027
2022-12-13,142.9190216064,249.3389129639,18.0117797852,122.7828140259,94.8353195190,381.6525573730
2022-12-14,140.6986541748,249.6300659180,17.6151084900,122.1692733765,94.1367721558,379.2125549316
2022-12-15,134.1062927246,241.6623077393,16.8955097198,119.1381683350,93.2348403931,369.9363708496
2022-12-16,132.1511688232,237.4697723389,16.5157833099,118.3964004517,92.5804824829,365.5688476562
2022-12-19,130.0487213135,233.3548889160,16.1998386383,119.1015319824,92.9960937500,362.4689025879
2022-12-20,129.9799499512,234.6650543213,16.0313987732,119.6784515381,94.3401412964,362.9649047852
2022-12-21,133.0746917725,237.2174224854,16.4460105896,121.0245971680,95.5515594482,368.3921508789
2022-12-22,129.9111785889,231.1615600586,15.2878866196,119.6509857178,93.6238861084,363.1366271973
2022-12-23,129.5476684570,231.6856384277,15.1553306580,120.2187271118,96.0998001099,365.2254943848
2022-12-27,127.7497558594,229.9678649902,14.0739459991,120.6399765015,97.4349975586,363.7852172852
2022-12-28,123.8297348022,227.6095428467,13.9892282486,121.2993240356,95.8345184326,359.2641296387
2022-12-29,127.3371505737,233.8983612061,14.5543375015,121.9952850342,96.5596008301,365.7309570312
2022-12-30,127.6514892578,232.7434692383,14.5653038025,122.8011474609,97.5322723389,364.7677001953
2023-01-03,122.8767471313,232.5105590820,14.2672986984,123.7351989746,94.1809844971,363.2320861816
2023-01-04,124.1441116333,222.3397979736,14.6998510361,124.8890457153,94.4550857544,366.0361633301
2023-01-05,122.8276138306,215.7501525879,14.2174663544,124.8613433838,96.5684509277,361.8584899902
2023-01-06,127.3469619751,218.2928161621,14.8094854355,127.2506408691,97.7356491089,370.1567382812
2023-01-09,127.8676605225,220.4182281494,15.5759239197,126.7248077393,95.9141082764,369.9468383789
2023-01-10,128.4375000000,222.0971984863,15.8559885025,127.8595123291,97.3465728760,372.5411987305
2023-01-11,131.1491241455,228.8130187988,15.9476804733,128.8096771240,98.4784164429,377.2530212402
2023-01-12,131.0705108643,231.4721069336,16.4559803009,128.6805419922,100.1142730713,378.6265258789
2023-01-13,132.3968048096,232.1708831787,16.8426895142,131.9277496338,100.0523605347,380.0954284668
2023-01-17,133.5561218262,233.2578430176,17.6430110931,129.8890228271,99.8578338623,379.3992004395
2023-01-18,132.8388977051,228.8517761230,17.3190956116,125.9868316650,97.8063964844,373.4092102051
2023-01-19,132.8978729248,225.0862884521,16.7091350555,124.3078384399,98.4341964722,370.6908569336
2023-01-20,135.4523010254,233.1316528320,17.7795562744,124.6122589111,100.2292022705,377.5964355469
2023-01-23,138.6354370117,235.4220428467,19.1290454865,126.6325531006,99.7075119019,382.1270751953
2023-01-24,140.0305633545,234.8979644775,19.2008037567,127.7211151123,100.6359710693,381.7169494629
2023-01-25,139.3723297119,233.5101623535,19.2586135864,128.3392028809,100.1054153442,381.8600158691
2023-01-26,141.4354705811,240.6820831299,19.7360134125,129.1325836182,104.1287460327,386.0567626953
2023-01-27,143.3709106445,240.8374023438,20.2971382141,129.4462127686,102.2276229858,386.9438781738
2023-01-30,140.4923095703,235.5481872559,19.0981426239,128.3484191895,100.4149093628,382.0888977051
2023-01-31,141.7596893311,240.4977264404,19.4718971252,129.1141204834,102.5813140869,387.7069091797
2023-02-01,142.8796691895,245.2919464111,20.8732128143,128.7727355957,101.4583282471,391.8273925781
2023-02-02,148.1751708984,256.7922363281,21.6366634369,128.1731567383,98.2838668823,397.5311279297
2023-02-03,151.7906494141,250.7267150879,21.0296916962,130.1565399170,98.9647598267,393.3057861328
2023-02-06,149.0692291260,249.1932830811,21.0187244415,130.9222259521,98.7967453003,390.9021301270
2023-02-07,151.9380035400,259.6649475098,22.0991153717,132.5181427002,101.6174774170,396.0145874023
2023-02-08,149.2558593750,258.8593750000,22.1310100555,131.5864257812,100.7332458496,391.6842346191
2023-02-09,148.2243041992,255.8412475586,22.2625675201,129.5384368896,101.1134643555,388.2886657715
2023-02-10,148.5883789062,255.3365020752,21.1941394806,130.1103973389,105.3755340576,389.1948547363
2023-02-13,151.3828430176,263.3140258789,21.7153987885,131.5218505859,104.9656372070,393.7636108398
2023-02-14,150.7432556152,264.1389465332,22.8944549561,132.1030426025,103.7360000610,393.5824279785
2023-02-15,152.8390808105,262.0276489258,22.6881427765,132.6565399170,103.4241333008,394.8604431152
2023-02-16,151.2450714111,255.0518493652,21.9286861420,130.8299865723,103.1211700439,389.4237365723
2023-02-17,150.1036987305,251.0725402832,21.3167285919,131.2174224854,99.1559906006,388.4508972168
2023-02-21,146.0989379883,245.8285064697,20.5861740112,128.8096771240,99.0579910278,380.6581420898
2023-02-22,146.5220794678,244.6999206543,20.6848430634,127.8226089478,97.7748870850,380.1335754395
2023-02-23,147.0041809082,247.8716583252,23.5851440430,128.8465576172,98.6748275757,382.1557312012
2023-02-24,144.3573303223,242.4719085693,23.2084026337,130.0089263916,98.6837310791,378.0733947754
2023-02-27,145.5479431152,243.3864440918,23.4226875305,131.1436157227,98.5055313110,379.3610229492
2023-02-28,145.0460968018,242.6664886475,23.1386375427,132.2414093018,97.9352493286,377.9588928223
2023-03-01,142.9797973633,239.6017761230,22.6223640442,131.5034332275,98.8084945679,376.5090942383
2023-03-02,143.5701599121,244.3107147217,23.2363071442,130.1380920410,99.2629241943,379.4372558594
2023-03-03,148.6080627441,248.3775482178,23.8103904724,132.5273742676,100.5192947388,385.5225830078
2023-03-06,151.3631591797,249.9147796631,23.4755115509,131.7524871826,101.4103546143,385.7897033691
2023-03-07,149.1688995361,247.2684173584,23.2143402100,127.8779449463,99.4500503540,379.8760375977
2023-03-08,150.4185333252,246.8306121826,24.1045188904,127.1215057373,97.9976425171,380.4960327148
2023-03-09,148.1751098633,245.4879455566,23.3618717194,120.2395782471,97.2402420044,373.4759826660
2023-03-10,146.1186065674,241.8589630127,22.8923606873,123.2930831909,96.0373229980,368.0869140625
2023-03-13,148.0570526123,247.0446319580,22.8933582306,121.0790557861,94.9324188232,367.5622863770
2023-03-14,150.1430206299,253.7286682129,23.9868888855,124.1879272461,95.2888336182,373.6381225586
2023-03-15,150.5366210938,258.2526855469,24.1513671875,118.3207702637,90.5484619141,371.3013000488
2023-03-16,153.3507843018,268.7213439941,25.4602127075,120.6178207397,90.0227355957,377.8157653809
2023-03-17,152.5143737793,271.8638610840,25.6436290741,116.0606155396,88.9623794556,373.3981018066
2023-03-20,154.8759002686,264.8588256836,25.8180809021,117.2875671387,91.2880172729,376.9885559082
2023-03-21,156.7257537842,266.3668823242,26.1161327362,120.4333114624,95.3779449463,381.9385986328
2023-03-22,155.2990112305,264.9172363281,26.3842811584,117.3244781494,93.1948623657,375.4279174805
2023-03-23,156.3813629150,270.1418151855,27.1049957275,117.0108108521,92.1434173584,376.4428710938
2023-03-24,157.6801757812,272.9730834961,26.6942958832,115.2303848267,92.2503509521,378.9130859375
2023-03-27,155.7417907715,268.8964843750,26.4470825195,118.5329589844,94.2730407715,379.6215515137
2023-03-28,155.1218719482,267.7776489258,26.3264656067,118.8927307129,95.4492340088,378.7694091797
2023-03-29,158.1918792725,272.9146728516,26.8986454010,119.1325607300,97.0887680054,384.2747802734
2023-03-30,159.7563781738,276.3588562012,27.2963886261,118.7727966309,97.5610122681,386.5247802734
2023-03-31,162.2556457520,280.4937133789,27.6891422272,120.2119064331,97.7125015259,391.9728088379
2023-04-03,163.5052642822,279.4526977539,27.8765468597,120.0735473633,103.4775924683,393.4664306641
2023-04-04,162.9739227295,279.4040832520,27.3661670685,118.4683837891,102.4885253906,391.2834167480
2023-04-05,161.1339263916,276.6409301758,26.7959766388,118.6450195312,104.2438888550,390.2589416504
2023-04-06,162.0194702148,283.7043762207,26.9514827728,118.5148620605,102.5152740479,391.7812805176
2023-04-10,159.4316558838,281.5542297363,27.4917697906,118.9053497314,102.0608139038,392.1833496094
2023-04-11,158.2214050293,275.1717834473,27.0830631256,119.4911117554,102.7825927734,392.2887573242
2023-04-12,157.5326080322,275.8139648438,26.4111957550,119.4725036621,102.6756515503,390.6898193359
2023-04-13,162.9050445557,281.9920043945,26.3792972565,119.9280776978,103.1568069458,395.8792114258
2023-04-14,162.5606689453,278.3922119141,26.6733646393,128.9838104248,103.4063110352,394.9121398926
2023-04-17,162.5803527832,280.9801025391,26.9165935516,130.0065307617,102.2033843994,396.3292236328
2023-04-18,163.8004455566,280.5618286133,27.5794906616,131.4662322998,104.1993255615,396.5877075195
2023-04-19,164.9418792725,280.6397094727,27.8426570892,131.2989044189,103.8696517944,396.5206909180
2023-04-20,163.9775695801,278.3629760742,27.0182685852,130.9176635742,103.0409774780,394.3568725586
2023-04-21,162.3737030029,278.0225524902,27.0332221985,130.6666412354,103.3706665039,394.6632385254
2023-04-24,162.6787414551,274.1405639648,26.9564685822,130.8432922363,105.3220596313,395.0749206543
2023-04-25,161.1437377930,267.9625244141,26.1580009460,127.9982833862,103.8250961304,388.8035583496
2023-04-26,161.1339263916,287.3723754883,26.8707370758,125.7296905518,102.8716735840,387.1567687988
2023-04-27,165.7093353271,296.5761718750,27.1398849487,127.4218597412,104.1013183594,394.8642883301
2023-04-28,166.9589691162,298.9403686523,27.6612300873,128.5282440186,105.4468078613,398.2344970703
2023-05-01,166.8703918457,297.2863769531,28.8185539246,131.2802734375,102.1766586304,397.8323974609
2023-05-02,165.8372497559,297.1404113770,28.1207733154,129.1604461670,98.1045608521,393.3611145020
2023-05-03,164.7647247314,296.1578063965,27.7140636444,126.4269943237,96.1709747314,390.6610412598
2023-05-04,163.1313323975,297.1404113770,27.4748249054,124.6976623535,94.4868927002,387.8940734863
2023-05-05,170.7866210938,302.2385559082,28.5892829895,127.1336364746,96.8392791748,395.0749206543
2023-05-08,170.7177276611,300.2927551270,29.0587940216,127.4404449463,97.2224349976,395.1802368164
2023-05-09,169.0154418945,298.6873779297,28.4806289673,126.8268203735,97.2491531372,393.4472656250
2023-05-10,170.7767639160,303.8536071777,28.7936382294,126.8918762207,96.0016860962,395.2855834961
2023-05-11,170.9636993408,301.7132263184,28.4876060486,126.4921112061,94.2641372681,394.5961608887
2023-05-12,170.0375061035,300.6040039062,28.2503604889,124.6791000366,94.2552185059,394.0791931152
2023-05-15,169.5448303223,301.0807800293,28.8614253998,125.7296905518,94.4349746704,395.4387512207
2023-05-16,169.5448303223,303.2990417480,29.1205940247,124.8836441040,92.1430816650,392.7961730957
2023-05-17,170.1557464600,306.1657104492,30.0825443268,128.7234649658,94.2102890015,397.5643005371
2023-05-18,172.4811096191,310.5729370117,31.5778007507,129.6997222900,95.0641250610,401.3940734863
2023-05-19,172.5894927979,310.3973693848,31.1651134491,129.4021911621,95.5045318604,400.8100891113
2023-05-22,171.6435546875,313.1665649414,31.0773906708,128.3330078125,94.3451156616,400.9728393555
2023-05-23,169.0423431396,307.3943176270,30.5909347534,126.9941253662,95.6303710938,396.4728088379
2023-05-24,169.3182067871,306.0195312500,30.4414062500,125.8319854736,96.6999053955,393.6004333496
2023-05-25,170.4513702393,317.7883300781,37.8598709106,126.1388015747,94.9652633667,397.0090026855
2023-05-26,172.8555603027,324.5843811035,38.8228187561,127.3195648193,94.3451156616,402.1504516602
2023-05-30,174.6981048584,322.9463195801,39.9841308594,127.8030319214,93.5092239380,402.3037109375
2023-05-31,174.6488189697,320.1967163086,37.7143287659,126.1759643555,91.8375015259,400.0728149414
2023-06-01,177.4471282959,324.2821350098,39.6442031860,127.9146270752,92.8980560303,403.8739318848
2023-06-02,178.2945098877,327.0317993164,39.2026138306,130.6015625000,95.0551300049,409.7144165039
2023-06-05,176.9446258545,327.5582580566,39.0471076965,129.3185119629,94.6327133179,408.9292907715
2023-06-06,176.5800628662,325.3547668457,38.5317268372,129.5509490967,95.4056625366,409.8197326660
2023-06-07,175.2104644775,315.3116455078,37.3603363037,130.8061065674,97.5447692871,408.4027404785
2023-06-08,177.9201049805,317.1447448730,38.3921585083,130.8432922363,97.2391738892,410.8729248047
2023-06-09,178.3043975830,318.6365966797,38.6513748169,131.1036071777,96.5201492310,411.6101379395
2023-06-12,181.0928497314,323.5703430176,39.3611869812,131.0943450928,95.6483230591,415.3442382812
2023-06-13,180.6199035645,325.9494628906,40.8964767456,132.0426940918,95.6663055420,418.0825500488
2023-06-14,181.2505187988,328.9234008789,42.8654365540,131.5499267578,94.5158691406,418.5804443359
2023-06-15,183.2802734375,339.4149169922,42.5224876404,133.0375061035,95.1719589233,423.7698364258
2023-06-16,182.2062988281,333.7888183594,42.5613746643,133.1955566406,94.4889144897,422.3264160156
2023-06-20,182.2949371338,329.6156311035,43.6739501953,132.5168762207,92.3228302002,420.1352539062
2023-06-21,181.2603607178,325.2377014160,42.9132804871,132.3216247559,93.3564300537,417.9826660156
2023-06-22,184.2557525635,331.2342834473,42.8933563232,129.7741088867,92.8441390991,419.4914245605
2023-06-23,183.9404144287,326.6612548828,42.0798492432,129.0953826904,92.0352249146,416.3200378418
2023-06-26,182.5511322021,320.4014892578,40.5076751709,129.4114837646,93.7339248657,414.6191101074
2023-06-27,185.3002014160,326.2224731445,41.7478675842,129.4207916260,93.9676208496,419.1646728516
2023-06-28,186.4727325439,327.4704895020,40.9911918640,128.8536376953,94.7315902710,419.3760986328
2023-06-29,186.8077087402,326.6904907227,40.6970863342,133.3536071777,95.9000015259,421.0290527344
2023-06-30,191.1234436035,332.0435180664,42.1725654602,135.2224121094,96.3943176270,425.9975585938
2023-07-03,189.6356201172,329.5571594238,42.2832221985,136.3101959229,96.5830917358,426.4875793457
2023-07-05,188.5222015381,329.7131347656,42.1875114441,135.4021606445,96.0887451172,425.8533020020
2023-07-06,188.9951629639,332.7553100586,41.9741706848,134.0635070801,92.5025787354,422.5186157227
2023-07-07,187.8817443848,328.8063659668,42.3729438782,135.1213073730,92.7183074951,421.4518737793
2023-07-10,185.8421173096,323.5508422852,42.0509300232,135.8795776367,94.0934448242,422.5186157227
2023-07-11,185.3199157715,324.1748962402,42.2752494812,138.0046081543,95.2438812256,425.2094726562
2023-07-12,186.9850769043,328.7868957520,43.7676696777,138.6879882812,95.7112274170,428.6306152344
2023-07-13,187.7437896729,334.1106567383,45.8363227844,139.3620147705,93.9586334229,432.0326232910
2023-07-14,187.8915863037,336.6262512207,45.3298835754,140.2045593262,90.7230072021,431.7636108398
2023-07-17,191.1431884766,337.1040039062,46.3188323975,143.5839843750,91.1184692383,433.2627563477
2023-07-18,190.8869628906,350.5207519531,47.3486709595,143.8460693359,90.7050476074,436.4821777344
2023-07-19,192.2368621826,346.2207641602,46.9329490662,144.3983917236,91.3341827393,437.4527893066
2023-07-20,190.2957763672,338.2156066895,45.3807182312,146.1770324707,92.9429931641,434.5504455566
2023-07-21,189.1232452393,335.1929321289,44.1734199524,145.0536956787,93.3744201660,434.5504455566
2023-07-24,189.9213409424,336.4994506836,44.4754943848,147.9088745117,94.8394393921,436.4917907715
2023-07-25,190.7785949707,342.2230834961,45.5392303467,146.8042602539,94.9832534790,437.6833801270
2023-07-26,191.6457061768,329.3426208496,45.3129234314,147.6842193604,94.4529418945,437.7507019043
2023-07-27,190.3845062256,322.4685363770,45.7595520020,146.0553588867,94.7495574951,434.8484191895
2023-07-28,192.9561462402,329.9277038574,46.6069526672,146.8885040283,93.6170883179,439.1056823730
2023-07-31,193.5670623779,327.5388488770,46.5860176086,147.8714599609,96.3853378296,439.9417419434
2023-08-01,192.7393951416,327.9483337402,46.3646926880,147.1412506104,95.8280792236,438.6828308105
2023-08-02,189.7538604736,319.3288574219,44.1335411072,145.4749450684,94.6327133179,432.5804748535
2023-08-03,188.3645324707,318.5098266602,44.3787918091,146.3642730713,96.2774887085,431.3407287598
2023-08-04,179.3192901611,319.6018676758,44.5432929993,146.0553588867,96.5471038818,429.3898925781
2023-08-07,176.2253265381,321.8737792969,45.2780303955,146.7480926514,96.3493728638,433.1377868652
2023-08-08,177.1613922119,317.9150390625,44.5273323059,145.9243164062,96.8257446289,431.2542419434
2023-08-09,175.5750579834,314.1903686523,42.4237899780,143.9677734375,98.4705047607,428.3712158203
2023-08-10,175.3582611084,314.8729248047,42.2582969666,143.7524719238,98.9738311768,428.5249938965
2023-08-11,175.4174499512,313.0008850098,40.7299880981,144.5856170654,100.5107421875,428.2751464844
2023-08-14,177.0651855469,315.9552001953,43.6191253662,144.8851776123,100.5916366577,430.6391601562
2023-08-15,175.0819854736,313.8295898438,43.8055381775,141.1968383789,98.0091094971,425.6227111816
2023-08-16,174.2137298584,313.0674743652,43.3529357910,140.5977172852,96.3599166870,422.4994201660
2023-08-17,171.6780395508,309.6279907227,43.2113761902,139.1373138428,98.2265777588,419.2800903320
2023-08-18,172.1615295410,309.2372131348,43.1665115356,139.4556427002,99.7126693726,419.4818115234
2023-08-21,173.4934844971,314.5136108398,46.8232917786,139.9330444336,98.5074768066,422.2110900879
2023-08-22,174.8649139404,315.0802917480,45.5282592773,137.0310363770,97.9547271729,421.0675048828
2023-08-23,178.7030029297,319.5164184570,46.9718284607,137.9577941895,97.0939025879,425.7572021484
2023-08-24,174.0262908936,312.6473083496,47.0186805725,137.8267211914,96.3689727783,419.8566894531
2023-08-25,176.2265014648,315.5884094238,45.8771972656,137.6582489014,98.0906372070,422.8165283203
2023-08-28,177.7854461670,316.2919616699,46.6916847229,138.1356658936,98.9152526855,425.4978027344
2023-08-29,181.6629943848,320.8941345215,48.6347274780,139.2589874268,99.5042572021,431.6482543945
2023-08-30,185.1459045410,321.2655029297,49.1132621765,138.6973419189,100.4738235474,433.4261474609
2023-08-31,185.3629455566,320.2590332031,49.2039871216,136.9842376709,100.7547378540,432.7918395996
2023-09-01,186.9317474365,321.1383972168,48.3605690002,137.4429321289,102.8660583496,433.5990905762
2023-09-05,187.1685028076,325.9164733887,48.3994445801,135.9263916016,102.8751296997,431.7250976562
2023-09-06,180.4691314697,325.2618408203,46.9208641052,135.7017059326,103.7631378174,428.8228759766
2023-09-07,175.1905364990,322.3598327637,46.1033058167,134.5409545898,103.2556991577,427.5063171387
2023-09-08,175.8022308350,326.6199951172,45.4362907410,134.6438903809,104.7599182129,428.1501159668
2023-09-11,176.9665069580,330.2060852051,45.0434761047,135.2336730957,103.4460067749,430.9659729004
2023-09-12,173.9473419189,324.1772460938,44.7363853455,136.9936065674,106.4634933472,428.6018371582
2023-09-13,171.8852386475,328.3690490723,45.3495597839,137.0591125488,105.5120239258,429.1015625000
2023-09-14,173.3948059082,330.9486389160,45.4452705383,139.7177581787,107.3968048096,432.8014526367
2023-09-15,172.6745605469,322.6627197266,43.7692832947,139.3058166504,105.7476119995,427.5869750977
2023-09-18,175.5950622559,321.5292968750,43.8350868225,139.5960388184,106.5993957520,427.8377075195
2023-09-19,176.6803741455,321.1286621094,43.3904113770,139.4181671143,106.3184967041,426.9504089355
2023-09-20,173.1481323242,313.4289855957,42.1132202148,138.8284454346,105.4757843018,423.0253295898
2023-09-21,171.6089477539,312.2173461914,40.8948631287,137.7425079346,103.9897003174,416.0333557129
2023-09-22,172.4574737549,309.7550354004,41.4860954285,136.4225311279,104.1527938843,415.0979003906
2023-09-25,173.7302856445,310.2728881836,42.0962715149,137.0965881348,105.3217315674,416.8435058594
2023-09-26,169.6652526855,304.9964599609,41.7861976624,135.6736297607,105.4848556519,410.7195434570
2023-09-27,168.1557006836,305.6316528320,42.3415412903,136.4693450928,108.9191360474,410.8834533691
2023-09-28,168.4121856689,306.4621582031,42.9606971741,138.1637573242,108.2576522827,413.2655029297
2023-09-29,168.9252777100,308.5238647461,43.3694763184,135.7579040527,106.5450286865,412.2626037598
2023-10-02,171.4313659668,314.4353637695,44.6486473083,134.5877380371,104.7780456543,412.0986328125
2023-10-03,170.0993957520,306.2178649902,43.3874206543,133.5954284668,104.9592819214,406.5822448730
2023-10-04,171.3425750732,311.6604003906,43.9098587036,134.1945343018,101.0356445312,409.5429687500
2023-10-05,172.5758819580,312.0512084961,44.5549354553,134.7603912354,98.7611923218,409.3886108398
2023-10-06,175.1214904785,319.7705078125,45.6257362366,136.8350677490,97.1120147705,414.2492675781
2023-10-09,176.6014404297,322.2718811035,45.1381874084,136.5238800049,100.5100631714,416.9013671875
2023-10-10,176.0094146729,320.8746337891,45.6616249084,137.3537292480,100.0841903687,419.0712890625
2023-10-11,177.4006500244,324.8123168945,46.6666297913,137.8252868652,96.4958267212,420.7879333496
2023-10-12,178.2985229492,323.5812072754,46.8052101135,137.5046234131,96.4776992798,418.2225646973
2023-10-13,176.4633178711,320.2297058105,45.3256301880,139.5698852539,99.5586242676,416.1394958496
2023-10-16,176.3350524902,325.0273132324,45.9577445984,139.4284515381,99.6311111450,420.5178833008
2023-10-17,174.7860107422,324.4605712891,43.8071556091,139.1266784668,100.9359817505,420.4985046387
2023-10-18,173.4934844971,322.5552062988,42.0703544617,137.5989379883,102.3495635986,414.8953857422
2023-10-19,173.1185760498,323.7375183105,41.9756317139,137.0142364502,102.4129791260,411.2499694824
2023-10-20,170.5729827881,319.1940002441,41.2637596130,134.8075408936,100.6550521851,406.1965332031
2023-10-23,170.6913909912,321.7832946777,42.8470344543,132.9686126709,99.1780319214,405.4924011230
2023-10-24,171.1255187988,322.9656677246,43.5329780579,133.1289215088,98.2175064087,408.5496520996
2023-10-25,168.8167572021,332.8735961914,41.6545982361,132.4028015137,98.3987350464,402.6860351562
2023-10-26,164.6629180908,320.3860473633,40.2059211731,132.7422485352,97.5016708374,397.8640441895
2023-10-27,165.9751586914,322.2621154785,40.3793945312,127.9610900879,95.6440505981,396.0605773926
2023-10-30,168.0175323486,329.5904846191,41.0384330750,129.5925292969,95.9430770874,400.7958374023
2023-10-31,168.4911499023,330.3722229004,40.6585655212,131.1391143799,95.9159164429,403.3129272461
2023-11-01,171.6484222412,338.1499633789,42.1989707947,131.0259552002,95.7256011963,407.6141357422
2023-11-02,175.2004089355,340.3484802246,43.3764572144,133.3647003174,98.8699493408,415.4258117676
2023-11-03,174.2926483154,344.7258911133,44.8709869385,134.8546905518,97.6647644043,419.2158813477
2023-11-06,176.8382415771,348.3706054688,45.6147727966,135.8731842041,95.9340209961,420.1803588867
2023-11-07,179.3937072754,352.2790222168,45.8181610107,135.8071441650,94.4298095703,421.3761901855
2023-11-08,180.4494018555,354.8880004883,46.4353141785,136.4767456055,93.2699356079,421.6847229004
2023-11-09,179.9758300781,352.4354553223,46.8101959229,136.0711975098,93.2971267700,418.3961791992
2023-11-10,184.1548461914,361.2098999023,48.1910705566,138.0893249512,94.0129852295,424.9252014160
2023-11-13,182.5741424561,358.2883300781,48.4752197266,137.4763336182,95.0006866455,424.5201416016
2023-11-14,185.1823577881,361.7961730957,49.5081291199,139.9848327637,95.3664627075,432.7561340332
2023-11-15,185.7454833984,361.9430541992,48.7424240112,141.2107849121,94.7903671265,433.6723022461
2023-11-16,187.4250183105,368.3071899414,49.3326568604,142.8233795166,93.6930313110,434.2027587891
2023-11-17,187.4052276611,362.1192626953,49.1512031555,144.1153564453,95.9791412354,434.7428283691
2023-11-20,189.1440429688,369.5505981445,50.2588996887,144.5585937500,95.5584945679,438.0892639160
2023-11-21,188.3437652588,365.2719726562,49.7952804565,144.2567901611,95.5219039917,437.1344909668
2023-11-22,189.0057220459,369.9520568848,48.5709381104,144.5962829590,95.1104049683,438.8222351074
2023-11-24,187.6818542480,369.5408020020,47.6337356567,144.7943115234,95.6225128174,439.0922241211
2023-11-27,187.5040283203,370.6961364746,48.0983467102,144.4642791748,95.0647125244,438.3015136719
2023-11-28,188.1066589355,374.7007141113,47.6786041260,144.7943115234,95.0098342896,438.7354431152
2023-11-29,187.0890808105,370.9311218262,47.9966506958,145.5299224854,93.5833129883,438.4267578125
2023-11-30,187.6620941162,370.9898986816,46.6307373047,147.1896362305,93.9491043091,440.1530761719
2023-12-01,188.9365692139,366.6818542480,46.6257514954,147.9063568115,94.1777038574,442.7569885254
2023-12-04,187.1483612061,361.4241027832,45.3744812012,148.9908752441,93.6656265259,440.4327392578
2023-12-05,191.0903015137,364.7334594727,46.4314193726,148.9720153809,91.8458938599,440.3460083008
2023-12-06,190.0035400391,361.0911865234,45.3714942932,147.4065399170,90.6297073364,438.5714416504
2023-12-07,191.9300537109,363.1962280273,46.4613380432,147.8592224121,89.9987335205,441.9179687500
2023-12-08,193.3527374268,366.4076843262,47.3687057495,149.4906616211,91.0320358276,443.8178100586
2023-12-11,190.8531799316,363.5388793945,46.4922447205,150.0376434326,91.0960464478,445.5440673828
2023-12-12,192.3647918701,366.5545349121,47.5192680359,151.3767547607,89.6603927612,447.5789794922
2023-12-13,195.5756225586,366.5447692871,47.9490203857,151.8859710693,90.4559402466,453.7511901855
2023-12-14,195.7238006592,358.2811584473,48.2102661133,154.6491241455,92.8883514404,455.2074279785
2023-12-15,195.1903076172,362.9808654785,48.7487030029,155.8184814453,92.2665328979,454.4578857422
2023-12-18,193.5305633545,364.8607177734,49.9322738647,156.7615051270,92.9523544312,457.0142822266
2023-12-19,194.5679016113,365.4579772949,49.4606437683,158.8550567627,94.1777038574,459.7933349609
2023-12-20,192.4833068848,362.8731689453,47.9719543457,157.0632629395,92.6048583984,453.4218750000
2023-12-21,192.3351287842,365.7321472168,48.8484153748,157.9591674805,93.0255050659,457.7211608887
2023-12-22,191.2681427002,366.7503356934,48.6888771057,157.8648681641,93.1901168823,458.6410217285
2023-12-26,190.7247619629,366.8287353516,49.1365852356,158.7984619141,93.4004287720,460.5776367188
2023-12-27,190.8235473633,366.2510070801,49.2741889954,159.7509460449,92.9615097046,461.4104614258
2023-12-28,191.2483978271,367.4356994629,49.3788757324,160.5996704102,91.6172866821,461.5847167969
2023-12-29,190.2110137939,368.1799011230,49.3788757324,160.4110717773,91.4252624512,460.2484741211
2024-01-02,183.4040222168,363.1179199219,48.0287933350,162.2783050537,93.6016006470,457.6726989746
2024-01-03,182.0307464600,362.8536071777,47.4315223694,161.5710296631,94.3880157471,453.9350585938
2024-01-04,179.7189636230,360.2491455078,47.8592796326,162.6432189941,93.5650177002,452.4729003906
2024-01-05,178.9977111816,360.0631103516,48.9551086426,163.4592437744,93.8484954834,453.0926208496
2024-01-08,183.3249969482,366.8580932617,52.1019859314,163.2220153809,92.2848129272,459.5609741211
2024-01-09,182.9100341797,367.9350585938,52.9864158630,161.9315795898,91.1417770386,458.8637084961
2024-01-10,183.9473724365,374.7692260742,54.1929321289,162.2731628418,90.2456207275,461.4588012695
2024-01-11,183.3545989990,376.5903015137,54.6635627747,161.5899810791,90.2273330688,461.2555236816
2024-01-12,183.6806488037,380.3500976562,54.5518836975,160.4039459229,91.3978118896,461.5750427246
2024-01-16,181.4182128906,382.1123962402,56.2190513611,159.3981323242,89.3312072754,459.8804931641
2024-01-17,180.4796447754,381.3291625977,55.8910102844,158.5441436768,88.6819381714,457.3241577148
2024-01-18,186.3580017090,385.6371459961,56.9419593811,158.8572692871,88.5173492432,461.3909912109
2024-01-19,189.2527008057,390.3368530273,59.3190650940,161.5994567871,88.6545104980,467.1428222656
2024-01-22,191.5546264648,388.2220153809,59.4816017151,161.4096984863,88.5356445312,468.1305236816
2024-01-23,192.8291015625,390.5620422363,59.6999626160,160.3469848633,89.5323791504,469.4958496094
2024-01-24,192.1573028564,394.1455078125,61.1846618652,161.7797393799,91.0777740479,470.0090026855
2024-01-25,191.8312683105,396.4072265625,61.4389266968,164.0949401855,93.3912887573,472.5653381348
2024-01-26,190.1023254395,395.4869384766,60.8546104431,163.4687194824,94.1868515015,471.9650573730
2024-01-29,189.4206695557,401.1558532715,62.2844696045,163.8957061768,94.3057174683,475.7026672363
2024-01-30,185.7751159668,400.0494689941,62.5925788879,167.2546386719,95.8785552979,475.3347167969
2024-01-31,182.1789245605,389.2696533203,61.3491821289,165.4423217773,94.0130996704,467.5785827637
2024-02-01,184.6093139648,395.3400268555,62.8448448181,164.8445587158,93.6290359497,473.6983337402
2024-02-02,183.6114807129,402.6245117188,65.9687957764,165.7934112549,93.2449645996,478.6851196289
2024-02-05,185.4194488525,397.1709594727,69.1316299438,165.5751953125,92.8609161377,476.9420776367
2024-02-06,187.0199432373,397.0143127441,68.0258178711,166.1444702148,93.5010147095,478.3268432617
2024-02-07,187.1285858154,405.3953247070,69.8964004517,166.4575805664,93.4735794067,482.3162841797
2024-02-08,186.0517120361,405.4540710449,69.4397277832,165.8598480225,95.0738372803,482.5292663574
2024-02-09,186.8134155273,411.7594604492,71.9245300293,166.0590820312,93.0620880127,485.3180236816
2024-02-12,185.1317291260,406.5801086426,72.0391921997,166.7991943359,94.3422927856,485.1050109863
2024-02-13,183.0445098877,397.8269042969,71.9195404053,165.3474426270,93.5301132202,478.4235839844
2024-02-14,182.1641082764,401.6720581055,73.6864166260,167.0269317627,93.0686416626,482.7713928223
2024-02-15,181.8772430420,398.7980041504,72.4480056763,170.6705017090,95.7359237671,486.1024169922
2024-02-16,180.3439331055,396.3457946777,72.4031372070,169.8734893799,95.7359237671,483.6815795898
2024-02-20,179.6020355225,395.0999755859,69.2512741089,170.5377044678,94.8314666748,481.0187683105
2024-02-21,180.3538513184,394.5017089844,67.2770004272,171.6478576660,96.7696151733,481.4544372559
2024-02-22,182.3817291260,403.7908020020,78.3110122681,173.7068786621,96.6865539551,491.4183959961
2024-02-23,180.5516815186,402.5058593750,78.5892257690,174.5798187256,95.8374557495,491.7573242188
2024-02-26,179.2063903809,399.7593383789,78.8634109497,173.9820404053,96.2158432007,489.9562683105
2024-02-27,180.6605072021,399.7005310059,78.4735488892,174.0674133301,96.0128173828,490.8664245605
2024-02-28,179.4635620117,399.9359130859,77.4385528564,174.9498596191,96.2804565430,490.2177124023
2024-02-29,178.8007659912,405.7428894043,78.8833541870,176.5439453125,96.4650421143,491.9800109863
2024-03-01,177.7225341797,407.5673828125,82.0412139893,175.8133392334,97.6833190918,496.5987854004
2024-03-04,173.2117004395,406.9984130859,84.9906616211,177.1322326660,96.3173904419,496.0662536621
2024-03-05,168.2853851318,394.9626770020,85.7195816040,178.9065856934,97.4987258911,491.1084594727
2024-03-06,167.2962036133,394.4133300781,88.4477996826,179.8364410400,98.5416412354,493.5970764160
2024-03-07,167.1774749756,401.3288269043,92.4055175781,178.2613830566,99.0953979492,498.4967346191
2024-03-08,168.8888244629,398.4645385742,87.2791290283,178.5934600830,100.0275573730,495.5046997070
2024-03-11,170.8870697021,396.7969665527,85.5301284790,178.6598815918,100.6182403564,495.0786437988
2024-03-12,171.3618621826,407.3515930176,91.6516723633,180.1305847168,99.9721832275,500.4043884277
2024-03-13,169.2845306396,407.1750488281,90.6295776367,181.5918426514,101.0889434814,499.6200256348
2024-03-14,171.1343688965,417.1017761230,87.6939697266,178.3562469482,102.8794403076,498.6323242188
2024-03-15,170.7584533691,408.4698181152,87.5872726440,180.5670776367,102.6948471069,495.2084350586
2024-03-18,171.8465881348,409.3526306152,88.2034988403,182.8063964844,103.6454620361,498.1514892578
2024-03-19,174.1811523438,413.3644714355,89.1438140869,183.8785858154,104.3745956421,500.9198303223
2024-03-20,176.7431945801,417.1116333008,90.1150512695,186.2886810303,104.2822875977,505.5529479980
2024-03-21,169.5219116211,421.1725158691,91.1750183105,188.8790588379,104.7437515259,507.2237243652
2024-03-22,170.4220886230,420.5546264648,94.0209274292,186.5638580322,104.7437515259,506.2619934082
2024-03-25,169.0075683594,414.7868652344,94.7318801880,184.8559265137,105.8143615723,504.8634033203
2024-03-26,167.8798065186,413.5999755859,92.2978210449,185.7193603516,105.0206527710,503.9309082031
2024-03-27,171.4409942627,413.3841247559,89.9933929443,189.3155364990,106.1097030640,508.1657714844
2024-03-28,169.6307525635,412.6877441406,90.0991058350,190.0556335449,107.2818298340,508.0687561035
2024-04-01,168.1963806152,416.4641723633,90.1060791016,188.7651977539,107.9740142822,507.1848449707
2024-04-02,167.0191955566,413.3939819336,89.1976699829,188.6893005371,110.0875549316,503.9600219727
2024-04-03,167.8204803467,412.4228820801,88.7110443115,188.1579437256,110.1060028076,504.5137023926
2024-04-04,166.9994354248,409.9019165039,85.6607513428,186.7263488770,110.4936523438,498.3554992676
2024-04-05,167.7512512207,417.3960571289,87.7577667236,188.4442443848,112.0164718628,503.5617675781
2024-04-08,166.6334381104,416.4838562012,86.8852767944,189.4272613525,111.2596664429,503.8434143066
2024-04-09,167.8402709961,418.1415710449,85.1113128662,188.1579284668,111.8411102295,504.4263305664
2024-04-10,165.9706420898,415.1792297363,86.7915267944,186.5545349121,112.7825088501,499.3753967285
2024-04-11,173.1523437500,419.7599792480,90.3583602905,186.5163574219,112.4041213989,503.1441345215
2024-04-12,174.6460876465,413.8451538086,87.9352569580,174.4528808594,111.0935516357,496.1992187500
2024-04-15,170.8276824951,405.7428894043,85.7564773560,174.5483093262,110.4567108154,489.9827270508
2024-04-16,167.5534057617,406.6648864746,87.1664581299,172.5536804199,109.5430068970,489.0890502930
2024-04-17,166.1882781982,403.9772338867,83.7960739136,171.8665008545,109.4876327515,486.1945800781
2024-04-18,165.2386169434,396.5517578125,84.4302597046,172.9831542969,109.3861236572,485.1940917969
2024-04-19,163.2206268311,391.5000305176,75.9833297729,177.3255920410,110.6412963867,480.9591674805
2024-04-22,164.0515594482,393.3049316406,79.2919006348,180.7709503174,111.2688980103,485.3883361816
2024-04-23,165.1001586914,399.7887878418,82.1886367798,183.3764343262,111.7026748657,491.1482543945
2024-04-24,167.1972656250,401.2503051758,79.4504547119,184.2735595703,111.7211456299,490.9152526855
2024-04-25,168.0578765869,391.4216003418,82.3970565796,184.5503082275,111.9795684814,489.0502319336
2024-04-26,167.4742431641,398.5625915527,87.4855422974,184.6648559570,108.8692855835,493.6834411621
2024-04-29,171.6289520264,394.5703125000,87.5074768066,184.4644317627,110.4197998047,495.4318542480
2024-04-30,168.4931640625,381.8969421387,86.1563415527,182.9946594238,109.1553802490,487.5835876465
2024-05-01,167.4742431641,387.3999023438,82.8048858643,183.1091918945,107.0880203247,486.0003356934
2024-05-02,171.1640472412,390.2444763184,85.5729904175,182.9183349609,107.2818298340,490.5460510254
2024-05-03,181.4024047852,398.8961181641,88.5365600586,181.8207702637,107.0603179932,496.6265869141
2024-05-06,179.7504272461,405.6448059082,91.8780136108,183.2428283691,107.7525177002,501.7551269531
2024-05-07,180.4329986572,401.5249633789,90.2965316772,183.0042419434,107.2172241211,502.3087463379
2024-05-08,180.7693176270,402.7020568848,90.1549377441,186.7263488770,107.1987609863,502.3573303223
2024-05-09,182.5796203613,404.4480590820,88.4946670532,188.4919586182,109.3122940063,505.2518615723
2024-05-10,181.3215789795,406.8218994141,89.6224594116,189.7040557861,108.8692855835,505.9027099609
2024-05-13,184.5211029053,405.8213500977,90.1419677734,189.6658325195,108.8231201172,505.9706420898
2024-05-14,185.6602020264,408.6071166992,91.0962600708,192.3190612793,109.4837265015,508.2922058105
2024-05-15,187.9286041260,415.7511291504,94.3609390259,192.8916778564,110.3304367065,514.5863647461
2024-05-16,188.0474395752,413.6973876953,94.0907135010,193.2352752686,109.6698150635,513.5275878906
2024-05-17,188.0771789551,412.9309387207,92.2160568237,195.4494476318,111.3166809082,514.2657470703
2024-05-20,189.2360992432,417.9720153809,94.5105056763,186.6595306396,110.4141540527,514.8582763672
2024-05-21,190.5337677002,421.6079101562,95.1147994995,190.4198455811,109.6512145996,516.1209716797
2024-05-22,189.0974578857,423.0622863770,94.6800231934,189.2650146484,107.4461059570,514.6348266602
2024-05-23,185.1154022217,419.6032409668,103.5038757324,187.9384155273,105.6131439209,510.8759155273
2024-05-24,188.1861267090,422.7085876465,106.1662826538,191.5555572510,105.5294036865,514.2560424805
2024-05-28,188.1960449219,422.8657531738,113.5771484375,190.4007415771,106.8692321777,514.6153564453
2024-05-29,188.4932098389,421.7357177734,114.4985198975,189.0741271973,105.7247924805,511.0118103027
2024-05-30,189.4837341309,407.4868774414,110.1858139038,190.2384796143,106.0597610474,507.6218566895
2024-05-31,190.4346923828,407.9389343262,109.3212814331,193.3879852295,109.1022644043,512.2454833984
2024-06-03,192.1979064941,406.3567810059,114.6730194092,192.6149291992,106.4877471924,512.6630859375
2024-06-04,192.5148773193,408.8626098633,116.1059265137,190.0762481689,104.8315887451,513.2362060547
2024-06-05,194.0205230713,416.6651000977,122.0918884277,188.2628936768,105.2502746582,519.3360595703
2024-06-06,192.6436309814,417.1661987305,120.6539688110,187.9288787842,106.0411453247,519.3263549805
2024-06-07,195.0308837891,416.5078430176,120.5442886353,190.8302307129,104.9060211182,518.6950073242
2024-06-10,191.2964935303,420.4581909180,121.4437179565,190.5057373047,105.2130508423,520.2976684570
2024-06-11,205.1940002441,425.1848754883,120.5761337280,185.4951782227,104.3663635254,521.5507202148
2024-06-12,211.0581359863,433.4197998047,124.8542709351,182.7942504883,103.2126388550,525.8341674805
2024-06-13,212.2170562744,433.9307556152,129.2520751953,184.8271026611,102.3845443726,526.8928222656
2024-06-14,210.4836120605,434.9035644531,131.5158233643,184.9416198730,101.5192489624,527.2135009766
2024-06-17,214.6241455078,440.6030883789,130.6183166504,186.0868988037,100.8214340210,531.4095458984
2024-06-18,212.2665557861,438.6082763672,135.2055969238,188.0147552490,101.7704620361,532.7595825195
2024-06-20,207.7001037598,437.9793701172,130.4188690186,189.6085968018,103.9662704468,531.3123779297
2024-06-21,205.5308074951,441.9887084961,126.2204971313,187.3466949463,103.0544586182,530.6001586914
2024-06-24,206.1746673584,439.9152221680,117.7838439941,189.8090209961,106.1155776978,528.8753662109
2024-06-25,207.0959014893,443.1384277344,125.7418136597,189.0359497070,106.4133224487,530.9119873047
2024-06-26,211.2364044189,444.3274536133,126.0509643555,188.4251251221,106.4505462646,531.5744628906
2024-06-27,212.0783996582,445.0055541992,123.6476058960,190.0857849121,106.9064407349,532.4125976562
2024-06-28,208.6312561035,439.2077331543,123.1988677979,193.0348510742,107.1111450195,530.3175048828
2024-07-01,214.7033843994,448.8182983398,123.9567718506,196.0793609619,106.9622650146,531.4089965820
2024-07-02,218.1901245117,451.3241271973,122.3312683105,199.3051757812,106.2365264893,534.9851684570
2024-07-03,219.4580230713,452.7883300781,127.9257583618,199.1715698242,106.7761993408,537.3726196289
2024-07-05,224.2028045654,459.4606933594,125.4825363159,196.5324554443,105.4828872681,540.4713134766
2024-07-08,225.6688385010,458.1635131836,127.8460006714,196.8971405029,104.3756790161,541.0949707031
2024-07-09,226.5207061768,451.5796203613,131.0172119141,199.2579345703,103.2219390869,541.6212158203
2024-07-10,230.7801055908,458.1733703613,134.5374908447,199.4211273193,104.1337661743,546.9805908203
2024-07-11,225.4212188721,446.8234558105,127.0482025146,199.0852050781,105.3712387085,542.2642822266
2024-07-12,228.3631439209,445.6933288574,128.8831481934,196.6764221191,105.3898315430,545.6846313477
2024-07-15,232.1867218018,446.0962829590,128.0853424072,201.5803833008,107.1948776245,547.1853637695
2024-07-16,232.6027679443,441.7331848145,126.0110778809,205.0064239502,107.9671249390,550.4302978516
2024-07-17,226.7188415527,435.8370666504,117.6641769409,208.1253509521,109.4558258057,542.7126464844
2024-07-18,222.0631713867,432.7416992188,120.7556228638,201.5131835938,110.5351181030,538.5418701172
2024-07-19,222.1919860840,429.5381164551,117.6043548584,201.3212432861,107.9950485229,534.9656372070
2024-07-22,221.8452911377,435.2671813965,123.1988677979,201.8011016846,107.2507019043,540.4811401367
2024-07-23,222.8853759766,437.1441345215,122.2514801025,201.8490905762,105.5201034546,539.6333618164
2024-07-24,216.4764556885,421.4703979492,113.9345169067,200.1792449951,107.0087890625,527.4039306641
2024-07-25,215.4364166260,411.1522521973,111.9699478149,200.2560119629,109.2604293823,524.6558837891
2024-07-26,215.9019470215,417.9032287598,112.7478027344,203.6820831299,109.1673812866,530.5317993164
2024-07-29,216.1793212891,419.3380126953,111.2818450928,202.3481292725,108.0229644775,530.8436889648
2024-07-30,216.7340087891,415.5939941406,103.4435653687,206.5131378174,109.9489440918,528.1542358398
2024-07-31,219.9830322266,411.1031188965,116.6968612671,204.2194976807,110.3397293091,536.7392578125
2024-08-01,216.2981567383,409.8846130371,108.9084320068,199.5746765137,108.8138198853,529.1384887695
2024-08-02,217.7839965820,401.4139404297,106.9737777710,191.1102905273,108.7487030029,519.2866821289
2024-08-05,207.2940063477,388.3050231934,100.1726226807,187.0412445068,106.7854843140,504.1632080078
2024-08-06,205.2732391357,392.6877746582,103.9621276855,192.2619018555,106.2179260254,508.8112792969
2024-08-07,207.8388214111,391.5282592773,98.6368865967,192.3194580078,107.6321792603,505.4104309082
2024-08-08,211.2958526611,395.7144470215,104.6801376343,195.8318939209,109.6884384155,517.0942382812
2024-08-09,214.1981964111,398.9867248535,104.4607620239,197.5017395020,110.5816421509,519.3743286133
2024-08-12,215.7254180908,399.7630310059,108.7189559937,197.8760070801,110.7212066650,519.6472778320
2024-08-13,219.4344024658,406.8382873535,115.8193054199,199.5554656982,109.6605148315,528.1932983398
2024-08-14,219.8806457520,409.6389160156,117.7539291382,201.7627105713,110.6746749878,529.8595581055
2024-08-15,222.8557739258,414.4824523926,122.5207443237,203.0198974609,111.3593750000,538.9414672852
2024-08-16,224.1747283936,411.9622497559,124.2359924316,205.3423004150,110.8341293335,540.1497192383
2024-08-19,224.0160675049,414.9746398926,129.6410217285,206.7626342773,111.1717834473,545.3142700195
2024-08-20,224.6309204102,418.1937866211,126.8986129761,205.8701324463,107.4669876099,544.4275512695
2024-08-21,224.5218200684,417.5440673828,128.1451416016,205.9469146729,106.7823104858,546.2985839844
2024-08-22,222.6673431396,409.0876159668,123.3982925415,207.8950653076,107.6076812744,542.0109252930
2024-08-23,224.9581756592,410.3083801270,129.0127410889,209.5073089600,109.0989685059,547.7700195312
2024-08-26,225.2953338623,407.0596618652,126.1108016968,210.3326263428,111.4343948364,546.4641723633
2024-08-27,226.1383056641,407.4042663574,127.9457168579,211.3019104004,110.3745422363,547.2145996094
2024-08-28,224.6110992432,404.2146606445,125.2631378174,212.3671722412,109.2865676880,544.0377197266
2024-08-29,227.8836975098,406.6954650879,117.2652893066,213.2500762939,110.7966079712,544.0865478516
2024-08-30,227.1002655029,410.6529235840,119.0403747559,215.7356262207,110.6184158325,549.2803344727
2024-09-03,220.9219512939,403.0726623535,107.7017745972,211.4170684814,108.3017578125,537.9767456055
2024-09-04,219.0178833008,402.5410156250,105.9167098999,210.4861907959,106.9792785645,536.8755493164
2024-09-05,220.5351867676,402.0389709473,106.9139556885,208.8547363281,106.1445159912,535.5698242188
2024-09-06,218.9881134033,395.4530639648,102.5460357666,203.8932189941,105.6474227905,526.5561523438
2024-09-09,219.0773925781,399.4105529785,106.1759948730,208.0678100586,107.8703002930,532.4515380859
2024-09-10,218.2839965820,407.7586669922,107.8014831543,197.2714385986,103.9404144287,534.7706909180
2024-09-11,220.8128662109,416.4612121582,116.5871734619,198.8740539551,102.9086990356,540.2569580078
2024-09-12,220.9219512939,420.3595886230,118.8211822510,198.2694854736,104.3249664307,544.8076171875
2024-09-13,220.6541900635,423.8937988281,118.7812805176,196.0814361572,104.2499237061,547.6530761719
2024-09-16,214.5254669189,424.6320800781,116.4674911499,199.4786834717,105.7130889893,548.4618530273
2024-09-17,214.9915313721,428.3828430176,115.2806777954,200.8126220703,107.0918197632,548.6859741211
2024-09-18,218.8591918945,424.1103210449,113.0666198730,199.1619720459,107.4669876099,547.0587158203
2024-09-19,226.9713287354,431.8677978516,117.5545730591,201.9930267334,108.7988357544,556.3937988281
2024-09-20,226.3069000244,428.5009765625,115.6895751953,202.5784454346,108.1141586304,555.4321289062
2024-09-23,224.5912475586,426.7684020996,115.9488754272,202.9143371582,110.0744323730,556.8200073242
2024-09-24,225.4837799072,422.4958496094,120.5465545654,203.0582885742,109.7836608887,558.4132690430
2024-09-25,224.4920501709,425.3900756836,123.1794738770,201.7147369385,107.6451950073,557.1817016602
2024-09-26,225.6325531006,424.6025695801,123.7080612183,201.3212432861,105.7975006104,559.3908081055
2024-09-27,225.9002990723,421.3637084961,121.0751190186,202.0122375488,108.6300277710,558.5794677734
2024-09-30,231.0670776367,423.6082763672,121.1150283813,202.3577117920,109.9431152344,560.8176879883
2024-10-01,224.3334350586,414.1477355957,116.6868972778,198.6917266846,112.4848709106,555.7937622070
2024-10-02,224.8986816406,410.6430969238,118.5319519043,198.9316558838,113.9761734009,556.0283813477
2024-10-03,223.7978820801,410.0622863770,122.5212478638,196.9546813965,114.9703674316,555.0117187500
2024-10-04,224.9185028076,409.5897216797,124.5857009888,203.9453735352,117.0806884766,560.0554199219
2024-10-07,219.8509063721,403.1711120605,127.3782043457,203.6653442383,117.5871658325,554.9921875000
2024-10-08,223.8970642090,408.2607116699,132.5343475342,203.4915618896,114.4638824463,560.2410888672
2024-10-09,227.6358032227,410.9679260254,132.2950134277,206.0695953369,114.5107803345,564.1216430664
2024-10-10,227.1399230957,409.3731079102,134.4492492676,205.5095825195,115.4955978394,563.1343994141
2024-10-11,225.6623077393,409.8457031250,134.4392852783,214.6340789795,115.9364242554,566.5064697266
2024-10-14,229.3811950684,412.6218261719,137.7005157471,213.8520202637,116.3772354126,571.1396484375
2024-10-15,231.9100494385,412.2280273438,131.2478332520,214.7306671143,112.8787918091,566.7020263672
2024-10-16,229.8571777344,409.6488037109,135.3568115234,215.9376220703,113.1695556641,569.1651611328
2024-10-17,230.2241363525,410.2394714355,136.5635833740,216.6907653809,112.8787918091,569.2139892578
2024-10-18,233.0504760742,411.6570434570,137.6306915283,217.6080474854,112.5599060059,571.4035644531
2024-10-21,234.5182037354,412.2673950195,143.3254394531,215.3196563721,112.6255645752,570.4651489258
2024-10-22,233.9033355713,420.8616943359,143.2057495117,216.4010772705,113.2070693970,570.1622314453
2024-10-23,228.8456573486,417.9969177246,139.1865234375,215.7155303955,112.8037719727,564.9523925781
2024-10-24,228.6572570801,418.1249389648,140.0342407227,217.2314453125,112.1659774780,566.1741943359
2024-10-25,229.4902801514,421.4916992188,141.1612091064,214.6534271240,112.0721817017,565.9786987305
2024-10-28,231.4637603760,419.9559326172,140.1439819336,217.7335510254,111.5188140869,567.7283935547
2024-10-29,231.7315368652,425.2326354980,140.8719940186,215.2231140137,109.9993667603,568.6472167969
2024-10-30,228.1911315918,425.8036193848,138.9671020508,216.6810913086,109.4460144043,566.9269409180
2024-10-31,224.0358734131,400.0307006836,132.4047241211,214.2768554688,109.5304260254,555.8133544922
2024-11-01,221.0607910156,403.9881896973,135.0376586914,215.2617034912,107.8140335083,558.1592407227
2024-11-04,220.1682586670,402.1079101562,135.6859436035,212.2105560303,111.2468185425,556.9568481445
2024-11-05,221.5962829590,405.0612792969,139.5355987549,213.8616638184,111.5750885010,563.6915283203
2024-11-06,220.8723449707,413.6456604004,145.2203369141,238.5509948730,113.4884490967,577.7079467773
2024-11-07,225.5928649902,418.8139953613,148.4815673828,228.2388458252,113.6291351318,582.1749267578
2024-11-08,225.3248138428,415.9689636230,147.2349395752,228.8181762695,113.5916213989,584.6968383789
2024-11-11,222.6144866943,411.5094299316,144.8712768555,231.0485992432,112.9913558960,585.2539062500
2024-11-12,222.6144866943,416.4513244629,147.8931579590,231.3092956543,112.8787918091,583.4359130859
2024-11-13,223.4980621338,418.5875854492,145.8785705566,232.8542175293,113.9292755127,583.7192993164
2024-11-14,226.5757446289,420.2513122559,146.3672790527,233.5397338867,114.0049209595,579.9659423828
2024-11-15,223.3789367676,408.5462036133,141.6000518799,236.8612670898,112.8228836060,572.5372924805
2024-11-18,226.3771972656,409.2943725586,139.7749328613,236.5909118652,113.7685089111,574.8831787109
2024-11-19,226.6352996826,411.2927856445,146.6165771484,234.7177276611,112.1798553467,576.9846191406
2024-11-20,227.3501129150,409.0285644531,145.4995880127,232.4872894287,113.7779769897,577.1802368164
2024-11-21,226.8735809326,407.2628479004,146.2774810791,236.3302307129,115.3004226685,580.2787475586
2024-11-22,228.2138519287,411.3368225098,141.5701446533,239.9896850586,115.1680297852,582.0772094727
2024-11-25,231.1922149658,413.1025085449,135.6560058594,241.6697540283,113.4469985962,584.0516357422
2024-11-26,233.3664398193,422.1775817871,136.5535888672,241.3607635498,111.5557479858,587.1012573242
2024-11-27,233.2373809814,417.2454833984,134.9777984619,241.1869659424,111.2626037598,585.3222045898
2024-11-29,235.6201019287,417.7090759277,137.8800354004,241.1194000244,111.5462875366,588.9584350586
2024-12-02,237.8638000488,425.1269531250,138.2590179443,237.7688903809,111.4422760010,590.0139770508
2024-12-03,240.9017639160,425.3439941406,139.8846740723,236.3881530762,111.2720489502,590.2877197266
2024-12-04,241.2591705322,431.4794616699,144.7515716553,235.0170440674,108.0663757324,593.9530639648
2024-12-05,241.2889556885,436.6088562012,144.6817779541,237.0253906250,108.5391921997,592.9757080078
2024-12-06,241.0904083252,437.5459289551,142.0686340332,238.8406982422,107.3949737549,594.0997314453
2024-12-09,244.9722442627,439.9626770020,138.4480590820,235.4129486084,106.7614059448,591.0403442383
2024-12-10,245.9848785400,437.3092346191,134.7178192139,234.4956665039,106.5439224243,589.2027587891
2024-12-11,244.7140960693,442.8923645020,138.9467468262,235.1425781250,105.8347015381,593.7576904297
2024-12-12,246.1735229492,443.4546203613,136.9819030762,233.2114257812,105.7401275635,590.6981811523
2024-12-13,246.3423156738,441.1957092285,133.8999633789,231.6762237549,104.8134231567,590.5809326172
2024-12-16,249.2312927246,445.4570617676,131.6558227539,231.3286285400,102.5722885132,593.1027832031
2024-12-17,251.6537475586,448.2880249023,130.0500335693,230.1506347656,102.1372909546,590.6591186523
2024-12-18,246.2628631592,431.4498596191,128.5738983154,222.4358215332,100.6337356567,573.0554199219
2024-12-19,247.9903259277,431.0947570801,130.3392486572,224.9366302490,99.7732238770,572.8795166016
2024-12-20,252.6564483643,430.6706542969,134.3487854004,229.4168243408,100.1136474609,579.7603149414
2024-12-23,253.4308319092,429.3389587402,139.3058319092,230.1796112061,100.5202636719,583.2321166992
2024-12-24,256.3397216797,433.3635253906,139.8544158936,233.9645843506,100.6148147583,589.7147216797
2024-12-26,257.1537780762,432.1600952148,139.5651550293,234.7660064697,100.6999359131,589.7539062500
2024-12-27,253.7485046387,424.6830444336,136.6527557373,232.8638763428,100.6904754639,583.5458984375
2024-12-30,250.3829650879,419.0604858398,137.1315307617,231.0775909424,100.0096282959,576.8866577148
2024-12-31,248.6157989502,415.7756958008,133.9398651123,231.4541473389,101.7211990356,574.7879028320
2025-01-02,242.0931396484,412.8953247070,137.9493713379,231.7341461182,101.4753494263,573.3757324219
2025-01-03,241.6066589355,417.6005859375,144.0933074951,234.9011840820,101.9954452515,580.5448608398
2025-01-06,243.2348480225,422.0394592285,149.0403747559,233.7559509277,101.8819732666,583.8892211914
2025-01-07,240.4649505615,416.6338806152,139.7745819092,236.0075836182,102.8370437622,577.2889404297
2025-01-08,240.9513854980,418.7941589355,139.7446899414,235.9687957764,101.1160125732,578.1323242188
2025-01-10,235.1435699463,413.2603454590,135.5556335449,232.8048095703,100.7472229004,569.3056030273
2025-01-13,232.7112121582,411.5242309570,132.8826446533,237.0169830322,103.3477020264,570.1883544922
2025-01-14,231.5992736816,410.0248718262,131.4164428711,240.1809387207,103.7543106079,570.9729614258
2025-01-15,236.1562042236,420.5203857422,135.8847808838,244.9172363281,105.4469909668,581.3589477539
2025-01-16,226.6154174805,418.8138427734,133.2217559814,246.7806549072,105.2673187256,580.2409057617
2025-01-17,228.3230590820,423.2034301758,137.3509368896,251.5266571045,106.2129440308,586.0664672852
2025-01-21,221.0359191895,422.6806335449,140.4627990723,255.2826232910,105.4091644287,591.4309692383
2025-01-22,222.2173614502,440.1402282715,146.6865692139,255.0982513428,103.5746459961,594.7556762695
2025-01-23,222.0485992432,440.6433105469,146.8361358643,258.1166076660,104.1609344482,598.0019531250
2025-01-24,221.1749267578,438.0293273926,142.2481384277,257.0393371582,102.7519531250,596.2561645508
2025-01-27,228.2039337158,428.6582946777,118.1112365723,258.0195922852,104.1798400879,587.8219604492
2025-01-28,236.5433959961,441.1266784668,128.6536865234,259.2715454102,102.1656646729,592.8726806641
2025-01-29,237.6354675293,436.3228149414,123.3774719238,258.7280578613,102.7614059448,590.2149047852
2025-01-30,235.8782043457,409.3540954590,124.3249969482,260.3294677734,103.6124725342,593.3826904297
2025-01-31,234.2996978760,409.4231567383,119.7569351196,259.4268798828,101.0214462280,590.2246704102
2025-02-03,226.3672180176,405.3394165039,116.3558197021,258.9512939453,101.2673034668,586.2526855469
2025-02-04,231.1227264404,406.7697143555,118.3406295776,260.0480346680,103.9812622070,590.1854248047
2025-02-05,230.7951202393,407.6772155762,124.5045318604,262.4646606445,103.9056167603,592.5784301758
2025-02-06,231.5397186279,410.1728210449,128.3444824219,268.7441101074,102.5344619751,594.6379394531
2025-02-07,225.9900054932,404.1852111816,129.5014495850,267.6764831543,102.9694442749,589.1950073242
2025-02-10,226.2583312988,406.6217041016,133.2217559814,263.0567321777,104.9363555908,593.1962280273
2025-02-11,231.1979522705,405.8523254395,132.4537506104,266.8903808594,105.5982894897,593.6475219727
2025-02-12,235.4219512939,403.4849243164,130.7980957031,267.3368225098,102.4211807251,591.7349853516
2025-02-13,240.0534973145,404.9645690918,134.9372558594,268.1811828613,103.1653671265,597.9822998047
2025-02-14,243.1047363281,402.8831787109,138.4879760742,268.4432373047,103.2703170776,597.9529418945
2025-02-18,242.9755249023,404.0767517090,139.0365447998,271.7042541504,105.0830841064,599.7083740234
2025-02-19,243.3730621338,409.1370544434,138.8669586182,271.0249023438,105.2357330322,601.1205444336
2025-02-20,244.3272094727,411.3016662598,139.7446899414,258.9415893555,106.8576812744,598.6198120117
2025-02-21,244.0489196777,403.4735717773,134.0794830322,256.4570007324,105.6078338623,588.3808593750
2025-02-24,245.5894470215,399.3124084473,129.9403228760,253.6424102783,106.1611938477,585.7035522461
2025-02-25,245.5297851562,393.2832031250,126.2998199463,249.8184661865,104.6919097900,582.7907104492
2025-02-26,238.8906555176,395.0919494629,130.9376983643,251.1675567627,104.4342880249,583.0848999023
2025-02-27,235.8493347168,387.9755249023,119.8367233276,251.4198608398,105.0926208496,573.7777709961
2025-02-28,240.3615875244,392.3837280273,124.5942916870,256.8549194336,106.2184448242,582.7318725586
2025-03-03,236.5748901367,383.9824218750,113.7626113892,252.9436340332,102.8123550415,572.5224609375
2025-03-04,234.4877319336,384.1009826660,115.6875762939,242.8790740967,102.6024627686,565.7455444336
2025-03-05,234.2988891602,396.3669738770,116.9941635132,244.1213684082,100.5988845825,571.8261718750
2025-03-06,233.8914031982,392.2849121094,110.2817153931,239.2783355713,102.6787796021,561.6755981445
2025-03-07,237.6085357666,388.7464904785,112.3961868286,235.1438140869,104.0145034790,564.8236694336
2025-03-10,226.0893707275,375.7490539551,106.7010726929,225.3801269531,106.6668701172,549.7792358398
2025-03-11,219.4899597168,376.0357055664,108.4764175415,222.3908386230,104.1480789185,545.2090454102
2025-03-12,215.6535491943,378.8229064941,115.4488449097,221.1873626709,104.1194534302,548.1022338867
2025-03-13,208.3981781006,374.3751831055,115.2892532349,218.5571899414,103.6805725098,540.7958374023
2025-03-14,212.1848907471,384.0515747070,121.3639297485,225.5936431885,106.7622833252,551.9662475586
2025-03-17,212.6917724609,384.1899719238,119.2293090820,227.0397796631,108.5368804932,556.2227172852
2025-03-18,211.3898010254,379.0700378418,115.1396255493,228.0491333008,108.4223861694,550.2107543945
2025-03-19,213.9241943359,383.3202209473,117.2243576050,232.0671997070,110.1111221313,556.2030639648
2025-03-20,212.7911834717,382.3515625000,118.2318191528,231.9701232910,110.5786209106,554.5946655273
2025-03-21,216.9356842041,386.7202453613,117.4039077759,234.5129852295,110.1969833374,554.7775878906
2025-03-24,219.3806304932,388.5191345215,121.1045913696,240.7535705566,110.4832153320,564.7128906250
2025-03-25,222.3821868896,390.5749816895,120.3863906860,243.7331542969,111.2369308472,566.0703735352
2025-03-26,220.1757507324,385.4452209473,113.4738235474,243.6360778809,112.8398056030,559.3123779297
2025-03-27,222.4815826416,386.0480957031,111.1496887207,240.8117980957,112.4772567749,557.8270874023
2025-03-28,216.5679473877,374.4048156738,109.3941116333,235.6970367432,112.3246002197,546.5933837891
2025-03-31,220.7720947266,371.0344543457,108.1073532104,238.0748901367,113.4694900513,550.2625732422
2025-04-01,221.8256072998,377.7554931641,109.8729095459,236.4831695557,113.5744628906,551.8167114258
2025-04-02,222.5213165283,377.7060852051,110.1422271729,238.5795593262,113.2214355469,555.3088378906
2025-04-03,201.9478454590,368.7807922363,101.5439071655,221.9541015625,107.2679367065,527.9427490234
2025-04-04,187.2284240723,355.6647949219,94.0727615356,205.3434295654,99.5493698120,497.0354309082
2025-04-07,180.3507232666,353.7077941895,97.3943710327,209.4057769775,98.2136688232,496.1501464844
2025-04-08,171.3659515381,350.4461059570,96.0577545166,211.7787017822,96.1432876587,488.3790588379
2025-04-09,197.6344146729,385.9591979980,114.0423965454,228.8386077881,100.9423522949,539.6682739258
2025-04-10,189.2559204102,376.9252319336,107.2994003296,221.7783355713,95.3418579102,516.0205688477
2025-04-11,196.9386749268,383.9429016113,110.6509399414,230.6549377441,98.4044799805,525.2278442383
2025-04-14,201.2819824219,383.3102722168,110.4314956665,229.2096710205,98.6429977417,530.3232421875
2025-04-15,200.9042816162,381.2544250488,111.9177474976,227.6570129395,98.3663177490,528.8378295898
2025-04-16,193.0824127197,367.2982177734,104.2271423340,224.2196350098,99.4062728882,517.0828247070
2025-04-17,195.7758178711,363.5126342773,101.2346878052,226.5144805908,102.0109252930,517.8206176758
2025-04-21,191.9791717529,354.9531555176,96.6662216187,223.6141967773,100.5130004883,505.4951477051
2025-04-22,198.5189514160,362.5638427734,98.6412353516,230.0592651367,103.3275680542,518.6469116211
2025-04-23,203.3492736816,370.0460205078,102.4516220093,235.2250671387,102.4402542114,526.6835937500
2025-04-24,207.0962066650,382.8061523438,106.1622619629,238.8968048096,103.6424026489,537.7697753906
2025-04-25,208.0006408691,387.3034362793,110.7307510376,237.8323822021,103.5851669312,541.6553344727
2025-04-28,208.8553771973,386.6213989258,108.4564743042,237.5101470947,103.6424026489,541.8618774414
2025-04-29,209.9188537598,389.4680175781,108.7457427979,238.8772583008,103.3848114014,545.2752685547
2025-04-30,211.2009582520,390.6738281250,108.6459960938,238.8772583008,100.7801437378,545.4916992188
2025-05-01,212.0159454346,420.4641113281,111.3292312622,241.0939788818,100.9232635498,549.3574829102
2025-05-02,204.0946350098,430.2294921875,114.2119674683,246.5820312500,101.3335189819,557.5123291016
2025-05-05,197.6741485596,431.1091918945,113.5336761475,246.6308593750,98.5284957886,554.3153076172
2025-05-06,197.2964630127,428.2823486328,113.2543869019,243.3985443115,99.9023818970,549.6820678711
2025-05-07,195.0502777100,428.3218688965,116.7655258179,243.5352783203,99.8069763184,551.9938964844
2025-05-08,196.2827148438,433.0859680176,117.0747451782,247.5194854736,101.1999511719,555.8399658203
2025-05-09,197.3163604736,433.6394958496,116.3565597534,247.1386566162,102.3830108643,555.1317749023
2025-05-12,209.7761383057,444.0472717285,122.6905899048,253.9450073242,104.1480789185,573.4775390625
2025-05-13,211.9058380127,443.9286804199,129.6031341553,256.8355407715,104.4342880249,577.2647094727
2025-05-14,211.3087158203,447.6845703125,134.9995269775,259.4038085938,103.4993057251,578.0024414062
2025-05-15,210.4329681396,448.6946105957,134.4908142090,261.2103576660,104.5488433838,580.8255615234
2025-05-16,210.2438812256,449.8234252930,135.0593872070,261.2787170410,104.1733245850,584.5045776367
2025-05-19,207.7758026123,454.3784179688,135.2289581299,258.6616516113,102.5171661377,585.1439208984
2025-05-20,205.8650512695,453.6853027344,134.0419616699,259.4428405762,101.0535964966,583.1765747070
2025-05-21,201.1179809570,448.1400756836,131.4684448242,254.9117736816,99.8114929199,573.3494873047
2025-05-22,200.3914794922,450.4076538086,132.4958648682,254.5504608154,99.1471099854,573.5758666992
2025-05-23,194.3307952881,445.7734680176,130.9597167969,254.5894927979,99.2048797607,569.6607666016
2025-05-27,199.2470397949,456.1806335449,135.1591491699,259.0620422363,99.6766815186,581.5043945312
2025-05-28,199.4560089111,452.8831787109,134.4708709717,257.3042297363,98.3190383911,578.1400756836
2025-05-29,198.9882659912,454.1903076172,138.8398437500,258.1636047363,98.8775100708,580.4222412109
2025-05-30,199.8839569092,455.8538208008,134.7900695801,257.8022766113,98.5019912720,579.7730712891
2025-06-02,200.7298583984,457.4480895996,137.0344238281,258.4468078613,99.2241439819,583.0388793945
2025-06-03,202.2922973633,458.4382629395,140.8647308350,260.0190124512,99.9463043213,586.3637084961
2025-06-04,201.8444824219,459.3294677734,141.5629730225,258.0171203613,98.5019912720,586.2062988281
2025-06-05,199.6650238037,463.1021728516,139.6378326416,255.8004302979,98.0494384766,583.3732299805
2025-06-06,202.9391784668,465.7757568359,141.3635101318,259.4916687012,100.3988494873,589.3639526367
2025-06-09,200.4810638428,468.1225585938,142.2711944580,260.4779663086,101.0728607178,589.8950805664
2025-06-10,201.6951751709,466.3104858398,143.5978698730,262.2943420410,103.2393264771,593.2396240234
2025-06-11,197.8238983154,467.9938049316,142.4805908203,261.8548583984,105.2517242432,591.5477294922
2025-06-12,198.2418823242,474.1826477051,144.6452789307,261.9427490234,105.6561355591,593.8987426758
2025-06-13,195.5050964355,470.3108825684,141.6227111816,258.7300109863,107.9574050903,587.2588500977
2025-06-16,197.4656524658,474.4500427246,144.3360443115,264.0129699707,108.3040542603,592.8461914062
2025-06-17,194.6989898682,473.3607788086,143.7674255371,263.1926574707,109.7676086426,587.7802124023
2025-06-18,195.6344604492,475.5392456055,145.1240997314,267.5284118652,108.9876785278,587.6915893555
2025-06-20,200.0332031250,472.7269897461,143.4981079102,268.5440368652,110.4416122437,586.3115234375
2025-06-23,200.5308227539,481.2428894043,143.8173217773,271.7372741699,107.5915069580,592.1027221680
2025-06-24,199.3365936279,485.3126220703,147.5381927490,274.6571350098,104.3177413940,598.6438598633
2025-06-25,200.5905456543,487.4515075684,153.9324951172,277.3913269043,104.3466262817,598.9793090820
2025-06-26,200.0332031250,492.5808105469,154.6407775879,281.9712524414,105.9064865112,603.6655883789
2025-06-27,200.1128234863,491.0855712891,157.3640899658,280.3697204590,105.3191299438,606.6647338867
2025-06-30,204.1831512451,492.5411682129,157.6035156250,283.1040344238,103.7977981567,609.5653686523
2025-07-01,206.8204193115,487.2336120605,152.9249877930,283.5922851562,105.1843261719,609.3681030273
2025-07-02,211.4181976318,486.2830505371,156.8653106689,285.1449890137,106.9271392822,612.1306152344
2025-07-03,212.5228729248,493.9572143555,158.9501953125,290.4435729980,108.0344314575,616.9550781250
2025-07-07,208.9401702881,492.8481140137,157.8529052734,286.4892578125,106.9849014282,612.3573608398
2025-07-08,208.9998931885,491.7588806152,159.6085968018,277.4717712402,109.9505462646,612.0220336914
2025-07-09,210.1244506836,498.5815124512,162.4815521240,277.8446655273,109.5750427246,615.6920776367
2025-07-10,211.3883361816,496.5713500977,163.6985626221,282.7802124023,110.6630783081,617.4284667969
2025-07-11,210.1443481445,498.3933105469,164.5165557861,281.4751281738,111.1445159912,615.2581176758
2025-07-14,207.6165618896,498.0962524414,163.6686401367,283.2806396484,109.6905746460,616.4320678711
2025-07-15,208.1042175293,500.8688659668,170.2824096680,281.1709899902,108.7180709839,613.7978515625
2025-07-16,209.1491851807,500.6708374023,170.9507598877,280.4547119141,108.0633239746,615.8499755859
2025-07-17,209.0098266602,506.6913146973,172.5767822266,284.4580993652,107.5144882202,619.6187133789
2025-07-18,210.1642456055,505.0574645996,171.9882202148,285.8023681641,103.7689056396,619.1649780273
2025-07-21,211.4579925537,505.0673522949,170.9607543945,285.5079956055,104.0385131836,620.3389892578
2025-07-22,213.3687896729,500.3242492676,166.6213836670,285.9593811035,104.5103149414,620.4277343750
2025-07-23,213.1199798584,500.9183349609,170.3621978760,291.1893615723,105.8487091064,625.7060546875
2025-07-24,212.7318420410,505.8793334961,173.3150024414,290.9832458496,106.6767807007,625.9132080078
2025-07-25,212.8512725830,508.6816711426,173.0755462646,293.0144042969,106.3012542725,628.5572509766
2025-07-28,213.0204772949,507.4834594727,176.3176116943,292.6807861328,107.3026580811,628.3994750977
2025-07-29,210.2538299561,507.5527954102,175.0806427002,291.4641113281,108.6891860962,626.7419433594
2025-07-30,208.0445098877,508.2162475586,178.8314361572,294.0054626465,107.7455825806,625.9526977539
2025-07-31,206.5716247559,528.2778320312,177.4348754883,290.6790771484,107.4952239990,623.6045532227
2025-08-01,201.4066009521,518.9798583984,173.2950286865,283.9380493164,105.5694885254,613.3834228516
2025-08-04,202.3719329834,530.3969116211,179.5596618652,288.7362670898,103.3837585449,622.7067871094
2025-08-05,201.9439849854,522.5841674805,177.8238983154,285.9005126953,103.2585678101,619.5496826172
2025-08-06,212.2243194580,519.8016967773,178.9810791016,285.8808898926,102.5556869507,624.2951660156
2025-08-07,218.9716949463,515.7418212891,180.3277893066,281.5536804199,102.0164718628,623.7723388672
2025-08-08,228.2468719482,516.9301147461,182.2530364990,283.3394775391,102.8349227905,628.6361694336
2025-08-11,226.3438873291,516.6627197266,181.6146240234,284.1244812012,101.9009323120,627.3930664062
2025-08-12,228.8047943115,524.0596313477,182.7119445801,287.3527221680,102.1897888184,634.0722656250
2025-08-13,232.4712524414,515.4843750000,181.1457672119,285.0763244629,103.6052169800,636.2428588867
2025-08-14,231.9232788086,517.3657226562,181.5747222900,288.6381225586,103.3933868408,636.3020019531
2025-08-15,230.7376403809,515.0783081055,180.0085449219,285.0370178223,103.4905624390,634.8121948242
2025-08-18,230.0402374268,512.0384521484,181.5647277832,286.0574951172,103.7140960693,634.6741943359
2025-08-19,229.7114410400,504.7801818848,175.2103271484,285.2038574219,104.3943634033,631.2308959961
2025-08-20,225.1781768799,500.7698364258,174.9709014893,286.7541809082,105.4731140137,629.5537109375
2025-08-21,224.0722656250,500.1250915527,174.5519409180,285.9986572266,106.1533889771,627.0281372070
2025-08-22,226.9217376709,503.0907592773,177.5545806885,290.6790771484,108.1456527710,636.6572265625
2025-08-25,226.3239593506,500.1449890137,179.3701171875,289.3642578125,108.5926895142,633.8552856445
2025-08-26,228.4660491943,497.9431152344,181.3253326416,292.9653625488,108.3497238159,636.5092163086
2025-08-27,229.6417083740,502.6047058105,181.1557617188,293.6620178223,109.5742492676,637.9594726562
2025-08-28,231.7041015625,505.4810791016,179.7292480469,295.4184265137,110.1573410034,640.2187500000
2025-08-29,231.2856292725,502.5551452637,173.7538909912,295.7618408203,111.0708694458,636.4006347656
2025-09-02,228.8745574951,500.9979248047,170.3621978760,294.0741577148,111.4596023560,631.6848144531
2025-09-03,237.5923309326,501.2260742188,170.2025909424,293.8877563477,108.7579040527,635.1082153320
2025-09-04,238.8975067139,503.8247070312,171.2400665283,298.1168212891,109.2341079712,640.4161376953
2025-09-05,238.8078613281,490.9605407715,166.6114196777,288.8540344238,106.1533889771,638.5612792969
2025-09-08,237.0045166016,494.1344299316,167.8982391357,287.4116210938,106.7559204102,640.1300048828
2025-09-09,233.4875183105,494.3427429199,170.3422546387,292.2588806152,107.5333862305,641.6098632812
2025-09-10,225.9553222656,496.2867126465,176.8961944580,294.8984069824,109.3312911987,643.4645996094
2025-09-11,229.1833953857,496.9215087891,176.7465362549,299.8241271973,108.9814300537,648.8120117188
2025-09-12,233.2085418701,505.7389526367,177.3950195312,301.1488037109,109.0008697510,648.5948486328
2025-09-15,235.8288421631,511.1543884277,177.3251647949,303.1014404297,109.1855087280,652.0479736328
2025-09-16,237.2735137939,504.8859558105,174.4620208740,303.3860168457,111.4498901367,651.1502685547
2025-09-17,238.1104278564,505.8579711914,169.8829803467,305.8979187012,112.0427093506,650.3412475586
2025-09-18,237.0045166016,504.3008117676,175.8187561035,307.3501892090,110.7210083008,653.3798217773
2025-09-19,244.5964660645,513.7033691406,176.2477416992,308.8710632324,109.6422729492,656.6160278320
2025-09-22,255.1375122070,510.2517700195,183.1711730957,306.5749816895,108.8647994995,659.7224731445
2025-09-23,253.4936065674,505.0744628906,178.0035247803,306.8693542480,110.7404479980,656.1312866211
2025-09-24,251.3813934326,505.9869079590,176.5470428467,307.5366210938,111.3332595825,654.0437011719
2025-09-25,255.9246215820,502.8923645020,177.2653045654,307.5660400391,112.3342514038,651.0263061523
2025-09-26,254.5198059082,507.2861938477,177.7641143799,310.1270446777,113.9183349609,654.7561035156
2025-09-29,253.4936065674,510.4005432129,181.4153747559,309.7640075684,111.0028457642,656.5962524414
2025-09-30,253.6928863525,513.7232666016,186.1340637207,309.5088500977,109.5742492676,659.0695190430
2025-10-01,254.5098419189,515.4689331055,186.7924804688,304.8774719238,108.8356475830,661.3153686523
2025-10-02,256.1836547852,511.5313110352,188.4385375977,301.7767639160,108.1553649902,662.0769653320
2025-10-03,257.0703735352,513.1281127930,187.1715698242,304.2102050781,110.0698852539,662.0672607422
2025-10-06,255.7452697754,524.2565917969,185.0965270996,304.8511047363,110.9834060669,664.4415893555
2025-10-07,255.5360717773,519.7040405273,184.5977325439,303.3820190430,111.0417175293,661.9781494141
2025-10-08,257.1102600098,520.5668945312,188.6580200195,299.7732238770,110.8084716797,665.9255371094
2025-10-09,253.1050262451,518.1369628906,192.1097564697,301.2521972656,109.7297439575,663.9963378906
2025-10-10,244.3673248291,506.7902832031,182.7222442627,296.6772155762,107.6111450195,646.0499877930
2025-10-13,246.7485198975,509.8550720215,187.8699188232,303.6580810547,109.0786056519,655.9630126953
2025-10-14,246.8581085205,509.3789672852,179.5997161865,297.8505249023,109.1271972656,655.1616210938
2025-10-15,248.4223327637,509.2401123047,179.4001922607,301.4100036621,108.4663543701,658.0703125000
2025-10-16,246.5392761230,507.4349670410,181.3754577637,294.3600769043,107.5236816406,653.5886840820
2025-10-17,251.3614654541,509.3889770508,182.7820892334,293.3938293457,109.0786056519,657.2986450195
2025-10-20,261.2748413086,512.5726928711,182.2034759521,298.1265869141,109.5256500244,664.1348876953
2025-10-21,261.8028869629,513.4356079102,180.7270202637,292.9303588867,109.5353698730,664.1249389648
2025-10-22,257.4988098145,516.2921142578,179.8491058350,289.9921264648,111.4790420532,660.6722412109
2025-10-23,258.6246032715,516.3119506836,181.7246246338,290.4161071777,112.7132720947,664.5899658203
2025-10-24,261.8527221680,519.3370361328,185.8148193359,296.2334899902,112.1398849487,670.0213623047
2025-10-27,267.8206481934,527.1825561523,191.0323181152,299.8915405273,112.6744003296,677.9260864258
2025-10-28,268.0099487305,537.6464233398,200.5495300293,301.0845947266,111.7900161743,679.7266235352
2025-10-29,268.7073974609,537.1306762695,206.5451354980,301.2325134277,113.1700286865,680.0531616211
2025-10-30,270.4011230469,521.4694824219,202.4050598145,305.1075134277,111.4596023560,672.5737915039
2025-10-31,269.3749389648,513.5843505859,202.0060424805,306.7639770508,111.1389007568,674.7800292969
2025-11-03,268.0597839355,512.8107299805,206.3855438232,305.0187683105,110.5558013916,676.0463867188
2025-11-04,269.0461425781,510.1328430176,198.2151184082,304.9201660156,110.9250946045,668.0328369141
2025-11-05,269.1458129883,503.0213012695,194.7434234619,307.3161010742,110.4780578613,670.3478393555
2025-11-06,268.7771301270,493.0433959961,187.6304626465,309.0317993164,111.2749557495,663.1554565430
2025-11-07,267.4819335938,492.7656860352,187.7003021240,309.8106689453,113.9183349609,663.8083496094
2025-11-10,268.6985778809,501.8707275391,198.5742645264,312.4532165527,114.8901748657,674.1666870117
2025-11-11,274.5028076172,504.5289001465,192.6983337402,311.2009582520,116.4062347412,675.7099609375
2025-11-12,272.7276611328,506.9688415527,193.3368072510,315.9239196777,114.7929992676,676.0859375000
2025-11-13,272.2090759277,499.1828613281,186.4134063721,305.1469421387,115.4441223145,664.8669433594
2025-11-14,271.6705322266,506.0166625977,189.7154846191,299.3591003418,116.9440307617,664.7581787109
2025-11-17,266.7339782715,503.3485717773,186.1540374756,296.1644592285,115.3656845093,658.5649414062
2025-11-18,266.7139892578,489.7604370117,180.9265289307,295.2178955078,116.6891403198,653.0346679688
2025-11-19,267.8309936523,483.1448364258,186.0742034912,299.0238647461,115.0421829224,655.5574951172
2025-11-20,265.5272521973,475.4139099121,180.2082519531,294.2023315430,114.7186660767,645.5652465820
2025-11-21,270.7529907227,469.1436462402,178.4524688721,293.8473510742,114.7774963379,651.9958496094
2025-11-24,275.1710205078,471.0118408203,182.1136779785,293.8276672363,113.6893234253,661.5922851562
2025-11-25,276.2181701660,473.9829406738,177.3950195312,298.7576293945,112.2580337524,667.8151245117
2025-11-26,276.7965698242,482.4393005371,179.8291625977,303.3327026367,112.5129165649,672.4254760742
2025-11-28,278.0930480957,488.9082946777,176.5769653320,308.6965332031,113.6402969360,676.0958251953
2025-12-01,282.3315124512,483.6714782715,179.4899749756,304.5947875977,114.3363418579,673.0091552734
2025-12-02,285.4131164551,486.9109497070,181.0262908936,303.5693359375,113.1109237671,674.2556762695
2025-12-03,283.3786315918,474.7182922363,179.1607666016,307.7598266602,115.4833374023,676.5905151367
2025-12-04,279.9380187988,477.8086853027,182.9518890381,311.6742553711,114.8363113403,677.0851440430
2025-12-05,278.0232238770,480.1140747070,181.9841461182,310.6290893555,114.2481155396,678.3713378906
2025-12-08,277.1356811523,487.9245300293,185.1168212891,310.7966918945,113.6991271973,676.3333129883
2025-12-09,276.4275817871,488.9181823730,184.5381774902,296.3025207520,115.9244842529,675.7494506836
2025-12-10,278.0232238770,475.5430603027,183.3509674072,305.7680969238,117.1891174316,680.2312622070
2025-12-11,277.2752685547,480.4221191406,180.5076141357,312.9363098145,117.1891174316,681.8140869141
2025-12-12,277.5245971680,475.5132446289,174.6114196777,314.0603332520,116.4832687378,674.4832153320
2025-12-15,273.3658752441,471.8266601562,175.8784332275,315.5393676758,115.4441223145,673.4642333984
2025-12-16,273.8645324707,473.3867797852,177.3050994873,311.1318969727,112.4246902466,671.6240844727
2025-12-17,271.1020812988,473.1184387207,170.5409393311,310.5699462891,115.1010055542,664.2337646484
2025-12-18,271.4511108398,480.9288940430,173.7334594727,308.6176452637,114.2481155396,669.2496948242
2025-12-19,272.9271545410,482.8566589355,180.5674743652,312.7686767578,114.3951644897,675.3153686523
2025-12-22,270.2344360352,481.8630065918,183.2611694336,318.5663452148,115.8264465332,679.5225219727
2025-12-23,271.6206665039,483.7808227539,188.7682800293,321.3666076660,117.0714721680,682.6282348633
2025-12-24,273.0667114258,484.9434204102,188.1696777344,324.5612487793,116.8754043579,685.0294799805
2025-12-26,272.6578369141,484.6354064941,190.0852050781,323.3188781738,116.7675628662,684.9599609375
2025-12-29,273.0168762207,484.0292358398,187.7805938721,319.2171325684,118.1596450806,682.5190429688
2025-12-30,272.3386840820,484.4068603516,187.1021728516,318.8917541504,118.6105957031,681.6856079102
2025-12-31,271.1220092773,480.5711669922,186.0646057129,317.7085571289,117.9733734131,676.6350097656
2026-01-02,270.2743530273,469.9584960938,188.4091339111,320.9229431152,120.2379531860,677.8753662109
2026-01-05,266.5345458984,469.8690795898,187.6808166504,329.3630676270,122.8946533203,682.3900756836
2026-01-06,261.6477966309,475.4934082031,186.8028869629,331.4132690430,118.6694183350,686.4483642578
2026-01-07,259.6233215332,480.4221191406,188.6685180664,323.8660888672,116.1597595215,684.2356567383
2026-01-08,258.3368225098,475.0958862305,184.6080169678,326.6393432617,120.4928436279,684.1661987305
2026-01-09,258.6659240723,476.2585144043,184.4284362793,326.0450744629,122.1594085693,688.6908569336
2026-01-12,259.5435180664,474.1717529297,184.5082550049,321.3899536133,121.5908126831,689.7723388672
2026-01-13,260.3413696289,467.7028198242,185.3762054443,307.9297790527,124.0514526367,688.3932495117
2026-01-14,259.2543029785,456.4840087891,182.7124481201,304.9287414551,127.6394653320,685.0095825195
2026-01-15,257.5090637207,453.7811584473,186.6133270264,306.3054809570,126.5905227661,686.8750610352
2026-01-16,254.8363494873,456.9609680176,185.7952423096,309.4848022461,127.3355560303,686.2994995117
2026-01-20,246.0303192139,451.6546020508,177.6542968750,299.8477478027,127.8943710327,672.3286743164
2026-01-21,246.9777374268,441.3102111816,182.8920440674,299.1544799805,130.9824218750,680.0880126953
2026-01-22,247.6758422852,448.2959289551,184.4084777832,300.7292480469,131.0118255615,683.6403198242
2026-01-23,247.3666687012,463.0125732422,187.2318725586,294.8757019043,132.3156585693,683.8883056641
2026-01-26,254.7166900635,467.3152465820,186.0346832275,298.1640014648,132.1882171631,687.3612060547
2026-01-27,257.5689086914,477.5503540039,188.0798950195,297.4409790039,134.1390838623,690.0998535156
2026-01-28,255.7438659668,478.5936889648,191.0728912354,297.8965454102,134.8743438721,690.0303344727
2026-01-29,257.5788879395,430.7671508789,192.0605773926,303.4926147461,137.7467041016,688.6610717773
2026-01-30,258.7756652832,427.5773620605,190.6838073730,302.9676818848,138.6192016602,686.6071166992
2026-02-02,269.2770690918,420.7010192871,185.1766815186,305.1961975098,135.6782073975,690.0204467773
2026-02-03,268.7485046387,408.6176452637,179.9189910889,311.8420715332,140.9033966064,684.1860351562
2026-02-04,275.7394104004,411.5788879395,173.7833557129,314.2389221191,144.6874694824,680.8719482422
2026-02-05,275.1610107422,391.1882324219,171.4787445068,307.1968688965,143.2071685791,672.3683471680
2026-02-06,277.3650207520,398.6111450195,184.9771575928,319.3199462891,146.1187744141,685.2675781250
2026-02-09,274.1307983398,410.9925842285,189.5963287354,319.0228271484,148.2362976074,688.5717773438
2026-02-10,273.1924438477,410.6646728516,188.0998382568,315.2392883301,148.6088104248,686.7559814453
2026-02-11,275.0092163086,401.8207397461,189.6063232422,307.8505859375,152.5007324219,686.5972290039
2026-02-12,261.2637939453,399.3067016602,186.5035858154,299.7487182617,147.9611358643,675.9901123047
2026-02-13,255.3243560791,398.7900085449,182.3832092285,299.6595458984,146.5005798340,676.4663085938
2026-02-17,263.4099426270,394.3581237793,184.5381774902,304.1958007812,144.2702636719,677.5578002930
2026-02-18,263.8791198730,397.0808410645,187.5411376953,305.8300476074,148.7012939453,680.9711303711
2026-02-19,260.1157836914,396.8517761230,187.4613342285,305.1070251465,148.9874877930,679.1751708984
2026-02-20,264.1086730957,395.6267395020,189.3768615723,307.8208618164,145.3459472656,684.0867919922
2026-02-23,265.7058105469,382.9182128906,191.1028137207,294.8262329102,148.7802429199,677.1013793945
2026-02-24,271.6552429199,387.4299621582,192.3997955322,294.4597167969,147.2999420166,682.0228881836
2026-02-25,273.7415161133,398.9831237793,195.1034545898,300.4023742676,147.1025695801,687.7780761719
2026-02-26,272.4637756348,400.0986022949,184.4583740234,303.2053833008,146.5894012451,683.9578247070
2026-02-27,263.7093811035,391.1548461914,176.7763519287,297.4310607910,150.4973907471,680.6734619141
2026-03-02,264.2484130859,396.9413757324,182.0539855957,294.7172546387,152.1948089600,681.0604858398
2026-03-03,263.2801818848,402.2996826172,179.6296691895,297.3914489746,149.8361968994,675.0573730469
2026-03-04,262.0523376465,403.5645751953,182.6126708984,296.5297851562,147.8526000977,679.8200683594
2026-03-05,259.8263244629,409.0224304199,182.9119720459,290.7455444336,148.7802429199,676.0297241211
2026-03-06,257.0013427734,407.3093872070,177.4048919678,286.7144470215,149.2243499756,667.1688842773
2026-03-09,259.4170532227,407.7575683594,182.2236022949,287.1502685547,148.4644622803,673.0133666992
2026-03-10,260.3653564453,404.1223144531,184.3386535645,285.9716186523,146.1847991943,671.9317016602
2026-03-11,260.3453674316,403.2458496094,185.6057434082,284.7731628418,149.5894775391,671.0883789062
2026-03-12,255.3043823242,400.2380371094,182.7223358154,280.1874389648,151.5138702393,660.8978881836
2026-03-13,249.6744384766,393.9534912109,179.8389434814,280.7321472168,154.0698547363,657.1571655273
2026-03-16,252.3696441650,398.3357543945,182.8021545410,283.4261474609,155.1652832031,663.8449707031
2026-03-17,253.7771148682,397.7979125977,181.5151062012,284.1492004395,156.7245330811,665.5912475586
2026-03-18,249.4947662354,390.2087097168,179.9885864258,284.9910278320,155.5205535889,656.3038330078
2026-03-19,248.5165252686,387.4498596191,178.1527709961,285.2188720703,156.0830841064,654.6864624023
2026-03-20,247.5482330322,380.3287353516,172.3061523438,283.8223266602,157.5732421875,645.3009643555
2026-03-23,251.0420074463,381.4541931152,175.2394409180,287.1403198242,159.0140838623,652.0766601562
2026-03-24,251.1917266846,371.2355651855,174.8004455566,289.6065368652,163.2082672119,649.8877563477
2026-03-25,252.1699829102,369.5424499512,178.2725067139,292.5977172852,161.1161041260,653.5094604492
2026-03-26,252.4395141602,364.4929199219,170.8494873047,288.8735961914,163.2575988770,641.8386230469
2026-03-27,248.3567962646,355.3300170898,167.1379699707,280.1378784180,168.7445983887,630.8940429688
2026-03-30,246.1906585693,357.5111694336,164.7933197021,281.0589904785,169.2182922363,628.7846679688
2026-03-31,253.3378906250,368.6759643555,174.0022583008,291.3497314453,167.4320526123,647.0621337891
2026-04-01,255.1746215820,367.8791809082,175.3491821289,292.5580749512,158.6686706543,651.9373779297
2026-04-02,255.4641113281,371.9526672363,176.9854583740,291.7855224609,158.5798492432,652.5244750977
2026-04-06,258.3988342285,371.3750000000,177.2348785400,294.1250000000,161.2246551514,655.6087646484
2026-04-07,253.0484161377,370.7874145508,177.6938323975,296.0662536621,161.7575683594,655.8972778320
2026-04-08,258.4387817383,372.8191528320,181.6647644043,306.5888366699,154.1685485840,672.6027221680
2026-04-09,260.0259399414,371.5642700195,183.4906005859,308.9382324219,153.0040283203,676.4830322266
2026-04-10,260.0159912109,369.3731384277,188.1998291016,308.4803161621,150.5072631836,676.0353393555
2026-04-13,258.7382812500,382.8186340332,188.8782653809,312.2732238770,150.6355590820,682.6417846680
2026-04-14,258.3688964844,391.5233459473,196.0618438721,309.7247009277,147.2802124023,690.9597167969
2026-04-15,265.9553833008,409.5602722168,198.4164733887,304.5579833984,147.0532226562,696.4121093750
2026-04-16,262.9307556152,418.5637817383,197.8976593018,308.5599670410,149.9842224121,698.1234130859
2026-04-17,269.7486267090,421.0835876465,201.2200469971,308.8984375000,144.5169830322,706.5607299805
2026-04-20,272.5635681152,416.3826293945,201.5991821289,315.5683898926,145.7406768799,705.1477661133
2026-04-21,265.6958618164,422.4480590820,199.4241790771,311.5962829590,146.4117736816,700.5312500000
2026-04-22,272.6834106445,431.1726989746,202.0381927490,311.6161804199,147.5367889404,707.6253051758
2026-04-23,272.9429016113,414.0719604492,199.1847076416,310.2921752930,148.5532684326,704.8792114258
2026-04-24,270.5771179199,422.9061889648,207.7950286865,306.8974609375,146.9545440674,710.3414916992
2026-04-27,267.1332702637,423.1053771973,216.1160125732,310.2324218750,146.2439880371,711.5653686523
2026-04-28,270.2277526855,427.5174865723,212.6838531494,310.0532531738,148.5828704834,708.1029052734
2026-04-29,269.6887207031,422.7467956543,208.7727966309,307.8630981445,152.6389007568,707.9934082031
2026-04-30,270.8666381836,406.1341552734,199.1148681641,311.8252563477,152.3033752441,715.0377197266
2026-05-01,279.6409606934,412.7672729492,197.9974365234,311.0686645508,150.7441253662,717.0177001953
2026-05-04,276.3368530273,411.9505615234,198.0273437500,306.2702636719,151.6717681885,714.3909912109
2026-05-05,283.6737670898,409.7196350098,196.0518646240,308.0124206543,152.8461608887,720.1220092773
2026-05-06,286.9978332520,412.2891845703,207.3560333252,313.4877624512,146.7374420166,730.1312866211
2026-05-07,286.9279479980,419.0717163086,211.0176696777,304.8964538574,144.6551361084,727.8926391602
2026-05-08,292.7974853516,413.4445190430,214.7092285156,300.7451782227,142.6715393066,733.9021606445
2026-05-11,292.4277954102,410.9944458008,218.9395599365,298.6545715332,147.7144165039,735.5736694336
2026-05-12,294.5459594727,406.1241760254,220.2765045166,303.5126953125,148.6519622803,734.4593505859
2026-05-13,298.6124572754,403.5745239258,225.3149871826,298.9034729004,149.5796203613,738.5685424805
2026-05-14,297.9530334473,407.7774963379,235.2023925781,298.5650024414,150.7737121582,744.3989868164
2026-05-15,299.9713134766,420.2170715332,224.8061523438,296.4743957520,156.9040222168,735.4443969727
2026-05-18,297.5833435059,421.8305664062,221.8130035400,299.3813171387,159.4574890137,734.9270019531
2026-05-19,298.7123718262,415.7352600098,220.1068878174,294.3738708496,161.5042419434,730.0317382812
2026-05-20,301.9895629883,419.3605346680,222.9603729248,300.6257324219,155.2745666504,737.5138549805
2026-05-21,304.7271728516,418.3025207520,219.0093994141,301.6411437988,154.2909393311,738.9764404297
2026-05-22,308.5538940430,417.7835388184,214.8389282227,305.0059814453,153.9233245850,741.8817749023
2026-05-26,308.0643005371,415.2482910156,214.3700103760,305.3643493652,148.8461914062,746.8068237305
2026-05-27,310.5821533203,411.8946228027,212.1151580811,297.9378051758,146.9484863281,746.6774291992
2026-05-28,312.2407226562,426.1876831055,213.7613983154,295.3992614746,146.0145416260,750.7965698242
2026-05-29,311.7911071777,449.3940124512,210.6584930420,297.9676818848,144.3254699707,752.6671142578
2026-06-01,306.0460510254,459.6546936035,223.8483428955,295.2499084473,148.4189758301,754.7166748047
2026-06-02,314.9284057617,440.4807739258,222.3118438721,299.6102600098,148.5978088379,755.7415771484
2026-06-03,309.9926452637,426.5370483398,214.2602539062,299.5007934570,151.5487060547,750.4384155273
2026-06-04,310.9618225098,427.2456970215,218.4156036377,309.4957580566,151.0618438721,753.2740478516
2026-06-05,307.0751647949,415.8870849609,204.8707580566,310.9691162109,148.9554901123,733.8325195312
2026-06-08,301.2801818848,410.9663391113,208.4067993164,309.7147521973,150.7737121582,735.4940795898
2026-06-09,290.2996215820,402.6520080566,207.9573059082,311.2976379395,147.9519958496,733.3350830078
2026-06-10,291.3287353516,396.6133422852,200.1959838867,307.7536010742,149.6509857178,721.7736206055
2026-06-11,295.3752441406,389.6065673828,204.6410064697,312.0840759277,145.6568603516,734.0415039062
2026-06-12,290.8791503906,390.0057983398,204.9606628418,319.2816772461,146.0642089844,738.0113525391
2026-06-15,296.1645812988,399.0088806152,212.2125396729,317.9675903320,140.0133972168,751.0254516602
2026-06-16,298.9821472168,393.0899963379,207.1781768799,329.6549377441,140.9473419189,746.5481567383
2026-06-17,295.6949768066,378.1980285645,204.4212493896,331.9645080566,139.8345489502,737.2253417969
2026-06-18,297.7532043457,378.6871032715,210.4545135498,323.7614746094,136.9234008789,744.8902587891
2026-06-22,296.7540893555,366.6497802734,208.4167785645,329.9934082031,137.5791625977,742.5461425781
2026-06-23,294.0463867188,373.2373657227,199.8164062500,332.6414794922,138.8310394287,731.7628784180
2026-06-24,292.8274230957,364.7733154297,198.7775726318,331.9545898438,136.0192565918,731.4237060547
2026-06-25,274.9129028320,352.1670227051,195.5212249756,333.6170654297,136.6650695801,732.4810791016
2026-06-26,283.5354614258,372.2691955566,192.3148040771,327.5742797852,135.6615600586,727.1842651367
2026-06-29,281.4972229004,367.8774719238,194.7520751953,327.9127807617,135.1846618652,739.1644897461
2026-06-30,289.1106567383,372.3190917969,199.8663482666,325.8619995117,135.8404083252,744.9202270508
2026-07-01,294.1263427734,383.5579528809,197.3591613770,332.5718078613,135.4032440186,743.9127197266
2026-07-02,308.3640441895,389.7562561035,194.6122436523,332.9700012207,136.2080230713,742.9351806641
2026-07-06,312.3905944824,386.0133056641,195.3314361572,337.7200012207,135.5622100830,749.4190673828
2026-07-07,310.3923034668,388.1093750000,196.7098846436,339.2200012207,140.7784423828,745.8579101562
2026-07-08,313.1199645996,382.6197204590,203.8918457031,330.6199951172,140.2220458984,743.5536499023
2026-07-09,315.9475097656,383.6377868652,202.5533447266,335.4700012207,136.5756530762,749.8480224609
2026-07-10,315.0483093262,384.3764038086,210.7242126465,336.4700012207,137.9865264893,753.0799560547
2026-07-13,317.0365600586,390.2553405762,203.3025054932,334.5299987793,143.5802917480,747.3142700195
2026-07-14,314.5886840820,384.2067260742,211.5632781982,342.8900146484,144.1565551758,749.9677124023
2026-07-15,327.2178039551,394.8866271973,212.2624816895,346.9100036621,143.5802917480,752.9403076172
2026-07-16,332.9728393555,400.3463439941,207.1681823730,343.1499938965,145.0110321045,748.8604125977
2026-07-17,333.4523925781,393.0800170898,202.5833129883,341.1000061035,146.4119567871,741.4487915039
2026-07-20,326.3085632324,401.5341186523,203.0527954102,338.8699951172,147.4055328369,740.2518310547
2026-07-21,327.4575805664,397.0026245117,207.0583038330,345.2300109863,150.7339782715,746.4265136719
2026-07-22,325.6091918945,389.6065673828,211.8229827881,348.2099914551,153.4563446045,745.5585937500
2026-07-23,321.3828430176,380.8630065918,208.5266571045,349.8999938965,155.8806457520,736.3515014648
2026-07-24,332.7330322266,380.9828186035,206.6088104248,353.2099914551,155.9303283691,737.0996093750
2026-07-27,336.6196899414,388.3688964844,196.2903594971,356.2000122070,153.7742919922,737.2592773438
2026-07-28,339.7869262695,392.6109008789,196.7897949219,357.3099975586,152.0554199219,739.0248413086
2026-07-29,337.8985900879,389.8061828613,189.7976226807,344.7099914551,155.7415466309,727.6531372070
2026-07-30,333.1426696777,450.2524108887,194.8219909668,350.8500061035,155.9601440430,739.8527832031
2026-07-31,308.6438293457,463.8468017578,200.5256195068,351.7900085449,154.4399871826,745.1796264648
2026-08-03,303.1585693359,486.7337036133,206.4090423584,352.6400146484,154.0624237061,755.7932128906
2026-08-04,309.1134033203,491.8840332031,211.7031097412,357.5199890137,152.9695129395,769.4193725586
2026-08-05,310.7320251465,486.5440673828,218.9749755859,359.2399902344,150.6544952393,767.8831787109
2026-08-06,312.1408081055,498.9207458496,218.7452392578,356.2999877930,153.8438415527,766.6562500000
2026-08-07,313.0599975586,499.0505065918,223.7096862793,357.5199890137,152.0554199219,771.3446044922
2026-08-10,308.2600097656,505.1091308594,217.3068389893,359.7900085449,158.7619934082,771.1151733398
2026-08-11,304.9100036621,502.8633422852,217.2568969727,362.0400085449,158.7719268799,768.6513061523
2026-08-12,302.2500000000,491.5047302246,223.8395233154,365.1799926758,158.7222442627,770.5764770508
2026-08-13,305.2600097656,495.9463806152,225.0481872559,363.1099853516,157.5895843506,775.9531860352
2026-08-14,305.9299926758,494.4691467285,224.9083404541,362.8399963379,159.0700073242,774.4169921875
2026-08-17,305.5899963379,479.4474487305,224.7584991455,360.9599914551,161.4600067139,770.7560424805
2026-08-18,310.0299987793,480.7250366211,219.4944000244,363.2500000000,165.5599975586,765.5490112305
2026-08-19,316.8299865723,483.3999938965,217.3168334961,357.2600097656,164.7700042725,767.1549682617
2026-08-20,311.2999877930,481.1499938965,216.6076354980,351.5499877930,166.1499938965,760.7109985352
2026-08-21,309.3500061035,483.2399902344,214.4800109863,351.5799865723,165.1100006104,763.8232421875
2026-08-24,310.3399963379,487.3099975586,208.2469787598,356.3900146484,164.0500030518,761.5787963867
2026-08-25,309.8999938965,491.7099914551,212.8118743896,356.6900024414,160.6399993896,764.0127563477
2026-08-26,313.4500122070,496.3699951172,209.4256591797,356.5000000000,158.1900024414,764.1823730469
2026-08-27,314.5799865723,505.0599975586,227.7251739502,354.2200012207,156.4400024414,769.1899414062
2026-08-28,319.7000122070,513.5300292969,217.3068389893,357.6199951172,156.7100067139,767.4442749023
2026-08-31,316.8500061035,507.2900085449,220.5332336426,356.0199890137,160.9499969482,765.1499633789
2026-09-01,325.1300048828,501.0199890137,217.1969757080,354.9500122070,164.5500030518,759.8930664062
2026-09-02,324.9599914551,496.8200073242,224.1591796875,356.2200012207,164.1499938965,763.2646484375
2026-09-03,328.2099914551,510.1199951172,228.1946563721,362.0599975586,162.2100067139,771.2548217773
2026-09-04,319.9700012207,499.7000122070,230.1025238037,358.6400146484,159.4700012207,768.2822265625
2026-09-08,316.2200012207,493.9500122070,225.4776916504,353.5100097656,160.6600036621,764.0626831055
2026-09-09,315.3399963379,491.6499938965,223.4199981689,354.7099914551,164.2299957275,760.5115356445
2026-09-10,326.5700073242,492.4400024414,218.3600006104,353.5599975586,165.2299957275,755.9528198242
2026-09-11,332.2699890137,495.6300048828,218.2899932861,356.2300109863,165.9900054932,762.3967895508
2026-09-14,333.0799865723,505.4100036621,210.9600067139,350.1300048828,165.0800018311,758.9952392578
2026-09-15,331.3399963379,497.1199951172,212.1699981689,352.4899902344,169.3200073242,755.5139160156
2026-09-16,332.4100036621,490.2999877930,213.8999938965,348.9200134277,163.3200073242,752.1821899414
2026-09-17,337.0000000000,497.7500000000,219.3399963379,349.3099975586,163.2700042725,760.7109985352
2026-09-18,336.1300048828,493.7799987793,222.2700042725,349.6700134277,163.5399932861,761.6900024414
2026-09-21,338.9800109863,501.6099853516,227.3800048828,352.0400085449,158.3000030518,773.5000000000
2026-09-22,339.7500000000,498.0000000000,228.8699951172,340.0000000000,158.7100067139,773.3800048828
2026-09-23,337.0199890137,500.5899963379,225.5099945068,337.5299987793,161.2299957275,767.8099975586
2026-09-24,335.9200134277,497.9299926758,224.5800018311,338.5599975586,162.1399993896,767.1799926758
2026-09-25,341.0700073242,516.1699829102,225.0700073242,343.0599975586,160.5899963379,771.3499755859
2026-09-28,338.3999938965,509.2200012207,228.8600006104,336.5899963379,162.5200042725,765.6099853516
2026-09-29,329.3999938965,508.9599914551,227.2100067139,334.9800109863,161.3500061035,764.2000122070
2026-09-30,333.0199890137,512.9000244141,228.3800048828,330.8299865723,162.7500000000,762.6300048828
2026-10-01,330.3200073242,512.7999877930,230.8600006104,333.1799926758,163.8200073242,763.9899902344
